basis,aim-store-count,instock-store-count,dc-on-hand,dc-on-order,store-on-hand,target-inventory-level,need-for-til
276778,514,502,61,90,1034,590,13
276778,327,324,27,0,675,369,4
276778,475,463,33,48,1070,514,13
276778,331,327,57,0,670,363,4
276778,294,282,0,60,534,338,16
276778,685,672,38,126,1407,799,14
276778,696,684,13,174,1374,839,17
276778,325,316,31,36,771,363,10
276778,703,680,60,132,1399,743,24
276778,421,414,187,0,811,487,11
276778,469,460,19,54,870,493,11
276778,486,479,35,30,963,549,9
276778,390,384,26,36,762,430,6
276778,369,363,36,18,892,402,5
276778,598,583,10,192,984,627,17
276778,308,299,0,36,619,312,9
330002,514,505,8,120,1099,606,9
330002,328,324,26,0,687,385,7
330002,475,464,24,36,1315,527,11
330002,331,327,22,0,713,367,5
330002,294,287,19,12,551,311,8
330002,685,674,19,36,1867,839,14
330002,688,679,17,72,1427,806,11
330002,325,314,24,36,678,351,11
330002,703,683,0,108,1755,728,20
330002,421,415,24,12,932,453,7
330002,470,458,2,84,1189,554,13
330002,485,480,25,72,1065,567,8
330002,390,387,25,12,963,500,5
330002,369,363,59,12,866,424,9
330002,599,581,0,108,1299,621,18
330002,308,303,0,24,817,316,5
249816,515,500,391,0,1133,637,26
249816,331,322,232,0,740,490,25
249816,475,457,411,96,1051,545,29
249816,335,325,244,0,776,507,21
249816,294,282,219,168,738,543,35
249816,689,664,468,0,1528,820,38
249816,725,698,970,384,1693,1155,69
249816,325,310,240,36,827,489,38
249816,706,679,822,528,1691,1020,57
249816,439,430,416,132,1115,745,36
249816,470,448,354,72,906,563,33
249816,486,474,141,108,1042,609,22
249816,390,377,98,72,801,451,21
249816,369,357,481,108,954,496,21
249816,600,561,1017,0,1370,871,65
249816,308,294,196,144,680,399,26
308266,515,509,509,300,1440,1097,55
308266,331,327,357,0,999,796,39
308266,475,473,201,252,1318,985,26
308266,338,334,198,0,1012,741,34
308266,294,281,167,276,880,813,72
308266,693,686,2878,0,2153,1443,38
308266,729,721,462,756,2358,1797,86
308266,325,320,66,84,1025,699,28
308266,712,704,392,624,2578,1503,53
308266,437,429,1026,0,1490,1109,53
308266,470,466,1397,0,1351,978,44
308266,486,485,292,288,1578,1055,32
308266,392,387,784,0,1053,815,29
308266,371,367,1641,0,984,790,40
308266,609,605,1749,0,2075,1293,37
308266,308,306,1125,0,912,627,16
460400,515,506,445,132,1511,1063,26
460400,331,327,303,0,1055,819,44
460400,475,469,82,96,1412,961,25
460400,336,331,183,0,1028,784,38
460400,294,291,228,204,974,773,44
460400,689,682,208,0,2158,1396,24
460400,715,708,1248,0,2337,1889,105
460400,325,322,263,36,1099,760,43
460400,706,697,405,660,2534,1491,41
460400,439,428,537,240,1388,1088,71
460400,470,468,80,72,1422,956,19
460400,486,481,156,120,1451,997,30
460400,390,387,57,60,1174,798,27
460400,369,365,460,0,1184,903,49
460400,600,594,185,108,2139,1246,25
460400,308,306,313,0,974,700,22
460403,514,512,1070,0,1549,1056,21
460403,328,327,123,0,1054,800,42
460403,473,468,982,0,1413,956,20
460403,331,324,315,0,941,770,46
460403,294,286,289,204,936,765,44
460403,686,678,2618,0,2179,1375,31
460403,715,709,922,0,2316,1868,110
460403,320,313,460,0,1271,749,24
460403,695,680,699,1056,2710,1470,35
460403,438,432,803,276,1425,1075,57
460403,468,464,236,156,1479,966,18
460403,486,485,378,48,1463,1e3,24
460403,390,388,501,0,1217,804,24
460403,367,356,456,0,1214,906,51
460403,592,587,571,0,2141,1227,21
460403,307,304,1191,0,1035,704,7
460423,515,510,280,156,1420,1039,30
460423,330,325,228,0,848,680,29
460423,475,472,214,204,1287,950,24
460423,332,331,259,0,812,671,32
460423,294,290,47,216,808,648,51
460423,689,681,55,168,1987,1368,37
460423,689,681,262,444,1789,1434,58
460423,325,320,82,60,978,666,23
460423,703,694,185,324,2177,1438,38
460423,439,435,488,324,1265,931,36
460423,470,464,665,0,1246,953,24
460423,486,480,647,288,1230,975,25
460423,390,387,4,96,1045,785,18
460423,369,363,241,84,1042,744,27
460423,600,594,79,228,1735,1214,32
460423,307,305,221,60,890,626,12
689296,502,488,369,192,1175,1001,32
689296,328,322,222,0,801,666,33
689296,452,425,484,204,990,869,47
689296,333,329,186,0,757,675,33
689296,294,290,178,168,748,640,34
689296,649,640,410,252,1518,1313,61
689296,699,692,587,516,1726,1528,89
689296,312,293,309,132,763,648,43
689296,685,642,794,504,1643,1401,87
689296,434,428,522,216,1063,949,62
689296,449,437,191,228,999,909,58
689296,466,450,153,168,1054,935,55
689296,367,356,268,120,829,737,33
689296,362,352,440,204,920,772,60
689296,565,550,487,492,1312,1161,61
689296,286,277,355,120,701,570,22
716887,512,503,342,228,1175,1061,59
716887,330,325,318,0,806,712,35
716887,475,471,429,180,1105,962,41
716887,329,322,312,0,748,679,42
716887,289,276,292,216,724,745,78
716887,687,673,407,240,1610,1389,65
716887,714,698,642,900,1816,1684,109
716887,324,317,240,204,876,747,49
716887,707,687,858,900,1892,1646,108
716887,433,420,659,372,1086,1015,74
716887,470,458,443,156,1072,968,42
716887,486,480,225,216,1129,997,38
716887,391,385,174,144,875,785,43
716887,370,356,496,216,829,774,53
716887,601,595,484,432,1441,1251,58
716887,308,305,124,168,720,635,32
850624,515,514,293,0,1405,1030,19
850624,331,327,1543,0,856,663,21
850624,475,472,291,0,2793,950,16
850624,336,335,419,0,1026,670,15
850624,294,292,169,84,812,594,18
850624,689,683,385,0,1980,1370,11
850624,702,697,781,0,1888,1447,36
850624,325,324,369,0,1023,650,12
850624,706,700,6605,0,2149,1425,25
850624,438,433,161,132,1195,881,37
850624,470,467,344,0,1293,941,20
850624,486,485,2244,0,1361,974,18
850624,390,384,1935,0,1067,781,17
850624,369,359,152,108,1002,735,41
850624,601,599,512,0,1755,1208,18
850624,308,304,374,0,928,615,8
868171,515,511,137,108,1151,1032,31
868171,331,330,388,0,731,663,17
868171,475,471,131,72,1065,950,29
868171,337,336,130,0,754,671,25
868171,294,291,66,96,680,611,35
868171,690,685,106,144,1595,1373,35
868171,689,684,132,324,1513,1385,56
868171,325,322,157,36,775,651,22
868171,706,691,294,384,1623,1418,57
868171,437,434,175,132,979,886,41
868171,470,466,207,96,1012,947,43
868171,486,484,125,84,1073,974,24
868171,391,390,49,72,865,778,13
868171,370,364,215,72,803,733,29
868171,602,593,189,180,1292,1200,54
868171,308,307,53,108,677,615,14
559682,513,510,145,0,1426,1032,22
559682,327,323,385,0,805,659,14
559682,475,473,297,0,1330,964,20
559682,329,327,75,0,869,659,15
559682,294,287,313,0,774,644,36
559682,686,682,148,0,1884,1370,18
559682,724,708,868,0,2093,1725,98
559682,325,319,507,0,969,701,26
559682,703,683,2100,0,1939,1539,87
559682,438,434,77,0,1170,890,19
559682,469,463,21,204,1272,975,26
559682,484,483,128,0,1296,970,7
559682,388,387,40,0,1062,779,6
559682,369,361,190,288,1020,766,32
559682,598,590,172,636,1631,1298,69
559682,307,304,0,204,813,639,34
867042,513,500,682,0,1262,1043,62
867042,327,319,396,0,914,670,45
867042,475,461,1044,0,1066,961,52
867042,329,322,293,0,749,663,42
867042,294,281,371,0,810,674,40
867042,686,665,604,0,1611,1388,88
867042,724,702,1204,0,1929,1611,111
867042,325,317,468,0,854,693,41
867042,703,554,1216,0,1064,1435,335
867042,437,428,826,0,1103,947,55
867042,469,455,139,420,1146,960,55
867042,484,473,553,0,1182,994,55
867042,389,381,292,0,930,787,35
867042,368,360,393,624,950,799,66
867042,598,584,238,732,1547,1301,95
867042,308,296,30,216,746,620,34
867043,513,507,240,0,1136,1043,32
867043,327,322,161,0,747,664,25
867043,475,468,547,0,1036,962,45
867043,329,328,127,0,738,661,16
867043,294,289,315,0,746,665,45
867043,686,676,295,0,1517,1371,51
867043,726,713,1739,0,1765,1581,96
867043,325,317,468,0,858,738,45
867043,703,686,1813,0,1815,1527,92
867043,437,432,345,0,1014,910,42
867043,469,466,95,192,1084,961,35
867043,484,478,174,0,1047,981,46
867043,389,386,78,0,861,781,20
867043,368,364,408,216,806,753,42
867043,599,585,384,288,1408,1237,69
867043,308,301,243,48,697,622,31
232807,515,509,118,564,1565,1545,176
232807,326,322,179,0,965,984,110
232807,475,474,385,252,1585,1432,51
232807,331,324,219,0,960,993,115
232807,294,288,89,180,882,896,104
232807,686,676,140,312,2274,2059,85
232807,727,708,262,804,2350,2346,242
232807,325,310,308,168,1046,1004,115
232807,704,694,571,660,2465,2158,154
232807,438,427,314,108,1278,1320,155
232807,470,466,219,180,1482,1417,87
232807,486,482,143,384,1404,1458,176
232807,390,387,164,132,1276,1171,40
232807,369,360,302,276,1188,1106,73
232807,598,587,961,516,2080,1842,122
232807,308,303,143,192,1024,924,46
232813,515,505,196,408,1467,1555,203
232813,326,321,226,0,991,985,111
232813,475,469,515,276,1539,1453,87
232813,331,325,308,0,929,995,128
232813,294,281,260,336,876,917,109
232813,686,671,254,492,2194,2090,128
232813,727,706,1947,0,2527,2444,240
232813,325,314,545,0,1174,1064,115
232813,704,689,602,1356,2494,2258,189
232813,438,423,258,228,1214,1329,185
232813,470,459,357,336,1487,1434,85
232813,486,473,192,240,1363,1465,209
232813,390,384,35,216,1207,1172,64
232813,369,363,590,216,1206,1147,68
232813,598,586,1275,732,2290,1979,129
232813,308,303,125,336,1016,948,63
483167,514,506,90,360,1205,1031,44
483167,331,328,87,0,736,662,24
483167,475,470,173,192,1113,952,41
483167,337,332,126,0,742,672,34
483167,294,273,105,216,687,642,68
483167,688,668,59,288,1685,1371,68
483167,695,680,191,660,1936,1458,88
483167,325,303,108,288,760,677,83
483167,705,675,293,1044,1742,1575,136
483167,438,428,187,96,1056,902,51
483167,469,462,112,204,1071,941,57
483167,486,467,120,288,1050,976,74
483167,392,383,26,156,886,779,35
483167,369,347,221,180,896,754,56
483167,605,583,134,972,1584,1263,110
483167,308,304,100,228,783,640,29
483708,514,507,199,48,1373,848,15
483708,328,323,203,0,836,548,6
483708,475,472,45,60,1345,736,9
483708,332,326,237,0,803,574,13
483708,294,291,66,24,760,453,10
483708,687,676,233,0,2004,1176,17
483708,689,686,236,96,1933,1252,25
483708,325,324,71,132,977,511,7
483708,704,684,94,216,2087,1054,30
483708,438,436,222,36,1243,773,9
483708,470,463,101,0,1247,741,10
483708,486,484,246,0,1177,770,12
483708,390,382,3,96,1116,632,11
483708,369,364,146,0,1166,576,13
483708,599,586,10,216,1437,923,21
483708,308,305,18,36,841,462,5
697513,155,152,12,84,430,311,13
697513,122,122,19,0,300,244,1
697513,198,195,74,24,536,396,7
697513,163,162,31,0,391,326,4
697513,203,200,15,48,498,410,21
697513,266,261,0,60,671,533,30
697513,506,499,18,288,1347,1016,30
697513,204,198,15,132,557,412,15
697513,541,533,65,228,1499,1085,40
697513,188,185,0,36,499,379,11
697513,228,225,0,84,568,456,25
697513,164,158,0,60,417,328,14
697513,107,107,7,36,326,214,2
697513,288,282,106,72,837,577,26
697513,479,468,2,312,1251,971,59
697513,213,212,7,60,582,426,14
697531,513,508,267,312,1552,1539,146
697531,326,321,260,0,966,979,129
697531,475,474,421,156,1503,1431,78
697531,330,326,374,0,935,987,115
697531,293,287,190,288,835,883,109
697531,685,678,144,324,2255,2048,71
697531,689,677,729,1356,2136,2078,214
697531,323,316,260,36,958,979,120
697531,701,691,1136,240,2336,2140,127
697531,437,429,223,168,1207,1316,162
697531,468,464,368,180,1458,1405,66
697531,486,481,249,156,1371,1460,183
697531,390,388,146,60,1221,1170,41
697531,366,359,830,168,1153,1095,50
697531,595,587,2233,0,1972,1795,129
697531,308,306,328,72,974,926,42
697534,6,5,0,0,12,18,3
697534,6,6,36,0,15,18,4
697534,1,1,5,0,2,3,1
697537,4,4,0,0,10,12,2
697537,2,1,1,0,2,6,2
697537,6,6,0,0,18,18,1
804093,513,495,130,60,1082,740,23
804093,325,319,88,0,726,504,11
804093,472,453,54,60,1007,657,31
804093,330,321,36,0,773,491,15
804093,294,274,38,84,530,411,34
804093,679,652,78,144,1405,1005,44
804093,714,691,189,84,1654,1085,50
804093,322,288,28,108,585,381,37
804093,691,641,126,288,1346,768,51
804093,436,421,437,0,916,675,28
804093,463,446,100,84,921,638,25
804093,485,470,34,96,984,659,26
804093,388,379,684,0,785,579,14
804093,357,333,167,96,743,426,29
804093,583,539,153,216,988,638,47
804093,299,286,168,36,637,361,17
804094,513,488,190,36,1101,768,40
804094,325,317,74,0,731,503,15
804094,472,442,57,192,990,684,43
804094,330,325,82,0,730,488,10
804094,294,287,106,48,645,418,17
804094,679,657,6,168,1459,1017,34
804094,720,671,0,372,1616,1108,80
804094,322,303,73,48,687,407,21
804094,691,645,155,348,1455,796,51
804094,436,422,868,0,1704,676,25
804094,463,447,93,108,938,653,20
804094,485,463,91,96,957,710,34
804094,388,382,124,0,860,595,14
804094,357,339,336,0,686,393,21
804094,583,543,125,228,1052,649,43
804094,300,287,77,84,680,363,14
827731,514,495,81,612,1620,1571,205
827731,325,316,316,0,1067,1005,116
827731,475,464,393,744,1707,1476,90
827731,331,322,423,0,994,996,146
827731,294,283,275,396,930,944,121
827731,685,668,0,720,2463,2109,131
827731,689,671,747,1260,2568,2273,220
827731,320,310,416,180,1130,1077,129
827731,701,666,1117,2280,2611,2565,253
827731,437,387,444,336,1301,1327,197
827731,467,456,180,624,1645,1450,110
827731,485,469,261,396,1583,1483,192
827731,388,367,29,384,1082,1171,160
827731,369,353,508,528,1244,1169,103
827731,597,585,1357,924,2499,2070,160
827731,308,302,146,456,1135,987,67
845042,490,481,86,0,1228,980,28
845042,237,229,0,0,490,473,38
845042,471,464,178,0,1237,945,25
845042,189,186,262,0,442,376,14
845042,136,132,60,0,338,273,10
845042,646,607,0,0,1474,1290,104
845042,669,554,0,0,1258,1341,248
845042,321,259,0,0,611,662,105
845042,698,670,0,0,1647,1409,95
845042,218,215,158,0,521,442,12
845042,465,440,0,0,1007,930,84
845042,482,468,241,0,1187,964,31
845042,386,381,65,0,996,770,18
845042,357,345,396,0,888,711,29
845042,583,530,0,0,1182,1180,147
845042,300,295,391,0,771,603,23
892053,513,494,1284,336,1223,1066,86
892053,322,313,354,0,778,660,48
892053,472,463,2345,0,1131,985,61
892053,330,317,765,0,820,668,43
892053,294,281,701,216,683,600,44
892053,678,655,1537,0,1668,1403,104
892053,685,662,1819,0,1758,1451,111
892053,318,298,726,444,855,697,67
892053,692,665,4071,0,1797,1466,123
892053,419,394,962,0,910,860,86
892053,462,433,952,456,1025,949,99
892053,485,467,1087,300,1217,1017,81
892053,388,376,497,300,908,789,63
892053,358,346,1504,0,859,730,65
892053,583,549,1933,744,1550,1407,164
892053,301,288,825,204,760,624,38
902855,513,406,267,0,779,1023,206
902855,328,301,132,0,593,654,72
902855,475,412,157,216,790,948,149
902855,331,314,57,0,626,658,49
902855,294,275,0,132,634,595,46
902855,682,595,0,336,1157,1358,199
902855,694,671,148,648,1491,1386,93
902855,318,308,14,60,698,633,42
902855,697,665,188,444,1679,1395,96
902855,437,376,128,0,772,877,122
902855,468,412,0,444,811,937,145
902855,486,455,0,396,865,970,107
902855,390,336,0,288,600,778,149
902855,369,308,134,192,705,732,118
902855,596,568,171,504,1251,1188,117
902855,307,268,0,168,552,612,101
902856,485,418,143,108,625,631,32
902856,318,261,153,0,427,432,21
902856,450,351,194,0,525,538,45
902856,323,300,184,0,482,488,38
902856,267,238,122,96,402,379,38
902856,661,547,39,528,819,856,68
902856,699,548,656,240,783,730,62
902856,271,183,224,0,266,264,33
902856,598,413,313,288,553,560,82
902856,425,332,0,288,528,580,63
902856,437,358,264,0,539,552,37
902856,458,398,95,0,542,554,28
902856,376,358,223,0,576,555,34
902856,349,274,976,60,334,326,30
902856,534,447,384,180,585,573,52
902856,287,225,0,348,299,345,64
902857,509,466,204,0,905,1017,123
902857,326,313,120,0,628,650,47
902857,473,460,13,216,925,946,63
902857,329,324,113,0,660,654,33
902857,293,275,43,144,602,593,35
902857,679,627,57,132,1288,1354,131
902857,685,672,198,528,1481,1365,62
902857,314,300,23,60,625,623,34
902857,684,658,250,360,1532,1369,92
902857,418,266,237,0,514,558,64
902857,464,448,0,288,893,929,78
902857,486,467,58,180,928,970,67
902857,390,382,1,132,752,778,51
902857,357,344,129,120,792,708,36
902857,583,562,426,264,1217,1158,78
902857,305,294,0,288,628,604,34
903988,514,451,341,0,665,517,32
903988,328,268,163,0,410,322,15
903988,474,403,496,0,680,449,23
903988,331,275,245,0,489,361,16
903988,294,250,123,120,511,373,18
903988,686,603,402,0,1015,688,42
903988,726,618,587,120,1354,806,34
903988,323,300,84,36,587,376,20
903988,703,535,600,144,1239,767,63
903988,436,387,309,108,682,509,21
903988,467,406,371,0,651,467,31
903988,486,459,85,96,757,515,28
903988,390,369,85,72,585,402,23
903988,369,310,856,0,563,408,29
903988,597,546,447,84,1416,737,35
903988,308,302,138,192,723,364,7
912489,484,429,0,384,835,961,95
912489,317,295,156,0,604,632,40
912489,448,435,183,216,879,888,39
912489,322,311,112,0,662,642,17
912489,268,253,56,24,557,549,30
912489,658,618,0,588,1246,1312,87
912489,700,675,639,216,1504,1390,61
912489,268,251,25,132,552,522,24
912489,595,566,261,324,1299,1190,69
912489,408,389,155,0,798,817,32
912489,432,419,153,108,871,861,41
912489,446,400,0,288,778,892,105
912489,369,356,0,288,716,734,37
912489,346,337,810,12,784,684,24
912489,528,514,328,312,1137,1056,46
912489,279,275,19,192,631,556,12
912490,484,449,182,0,911,967,79
912490,319,314,173,0,676,636,19
912490,448,442,183,108,940,890,26
912490,323,320,147,0,686,644,17
912490,274,264,103,96,608,553,24
912490,658,646,114,156,1352,1312,55
912490,706,680,682,240,1676,1406,57
912490,268,258,108,24,620,521,11
912490,595,581,768,0,1659,1187,38
912490,411,405,898,0,857,822,32
912490,432,423,144,36,937,858,34
912490,446,442,125,120,911,890,22
912490,369,363,34,216,739,734,27
912490,346,343,147,48,919,690,15
912490,528,521,1355,0,1416,1054,33
912490,279,275,135,120,697,554,13
199060,287,277,1369,0,819,599,24
199060,290,278,365,432,786,592,29
199060,292,285,791,720,1457,793,37
199060,179,171,1838,0,526,353,16
199060,651,640,3313,3840,1987,1540,64
199060,147,144,1680,0,551,329,16
199060,434,426,863,2880,2352,1040,54
199060,264,248,1313,0,1121,535,25
199060,358,353,577,720,1028,781,37
199060,98,94,2901,0,373,221,8
199060,39,34,52,12,115,82,9
199080,278,278,2387,0,1066,621,8
199080,275,272,66,288,951,558,5
199080,287,281,1076,240,1492,778,31
199080,164,159,3742,0,599,324,1
199080,629,625,634,1200,2249,1308,14
199080,147,144,3751,0,770,311,8
199080,432,428,1529,1920,2198,1144,43
199080,256,243,1946,0,1142,541,8
199080,358,351,572,480,1050,715,13
199080,99,97,4593,0,348,200,2
199080,34,33,478,0,131,69,1
199279,327,306,0,168,898,662,41
199279,329,318,0,216,1018,659,22
199279,294,289,298,792,979,746,32
199279,1590,1559,272,768,4939,3193,86
199279,710,703,720,936,2054,1529,37
199279,695,672,94,600,2381,1427,51
199279,437,430,580,756,1446,983,48
199279,1676,1635,420,0,5306,3406,104
199279,368,358,205,336,951,737,31
199279,580,568,529,432,1903,1219,44
199279,298,291,75,264,1037,610,17
199296,329,316,8,168,1001,666,30
199296,334,325,9,240,1007,670,15
199296,294,284,1438,948,1149,917,51
199296,1589,1535,443,924,4812,3209,115
199296,691,671,665,972,2085,1454,59
199296,696,671,403,684,2522,1454,64
199296,438,429,1403,552,1501,1076,58
199296,1675,1625,382,0,5744,3404,112
199296,368,362,246,432,1163,740,18
199296,586,570,0,1284,1857,1276,69
199296,298,293,41,324,950,617,22
256229,328,319,402,432,3099,1101,73
256229,329,321,242,600,2494,1060,84
256229,294,287,3007,2112,3781,1926,78
256229,1631,1555,2251,2640,19670,3918,194
256229,717,702,2545,3696,4574,2612,140
256229,705,657,144,2640,4730,2238,139
256229,439,428,3139,1584,5467,1877,81
256229,1716,1648,2017,0,18997,4591,198
256229,368,358,1209,1584,2603,1226,62
256229,601,569,1014,2640,3819,2284,162
256229,306,297,206,840,2311,814,40
350688,320,247,528,0,4420,647,86
350688,325,268,0,528,5678,655,70
350688,293,288,967,1368,8289,1297,53
350688,1589,1368,0,0,29985,3210,267
350688,687,425,0,0,9142,1547,294
350688,670,541,0,0,10182,1430,171
350688,434,425,538,864,9127,1361,50
350688,1665,1479,0,0,36416,3412,232
350688,276,223,0,0,3225,571,73
350688,579,451,0,0,9209,1224,179
350688,303,257,0,0,4995,629,72
401541,8,7,740,0,20,16,1
401541,14,12,694,0,34,28,2
401541,276,270,433,312,940,673,35
401541,8,8,3670,0,28,16,0
401541,629,487,0,0,1449,1276,208
401541,6,6,2602,0,17,12,0
401541,406,403,368,720,1710,895,35
401541,21,21,1500,0,56,42,1
401541,32,30,306,0,124,64,2
401541,2,2,938,0,5,4,0
401541,2,1,716,0,2,4,1
442893,328,317,0,180,1084,700,21
442893,330,321,23,216,1197,683,20
442893,294,284,495,756,1107,803,50
442893,1599,1362,927,0,4803,3221,245
442893,688,671,1683,1092,2127,1565,86
442893,700,652,1805,0,2944,1467,66
442893,439,429,1018,1308,1598,1066,73
442893,1697,1456,627,0,5128,3445,262
442893,371,348,780,300,1367,854,41
442893,600,560,526,0,2418,1256,47
442893,302,279,158,12,1084,621,34
689603,20,12,394,0,28,26,1
689603,30,20,87,0,57,43,1
689603,273,237,558,444,781,596,41
689603,101,81,2482,0,193,175,5
689603,630,596,1145,72,1500,1255,47
689603,21,16,963,0,49,36,2
689603,403,371,413,0,998,850,53
689603,96,76,505,0,185,159,6
689603,27,22,206,0,67,47,1
689603,29,24,1765,0,68,56,5
689603,8,5,91,0,11,12,1
727120,285,276,0,96,729,571,21
727120,291,282,32,144,789,582,14
727120,292,284,52,84,911,596,16
727120,121,106,859,0,303,240,14
727120,714,705,890,0,1917,1442,21
727120,48,40,607,0,168,114,9
727120,435,421,277,0,1207,875,27
727120,196,171,1020,0,494,398,23
727120,346,335,414,384,962,697,20
727120,30,26,280,396,59,61,4
727120,19,16,119,228,40,36,2
727121,327,312,0,144,945,659,24
727121,329,318,32,192,905,658,19
727121,294,287,379,84,865,622,20
727121,1590,1533,897,684,4664,3179,81
727121,690,674,791,876,1928,1403,33
727121,695,676,0,780,2661,1438,49
727121,438,430,323,372,1216,887,30
727121,1675,1601,360,0,5184,3371,118
727121,368,361,257,180,1045,733,14
727121,583,570,0,624,1931,1195,44
727121,298,285,36,228,910,604,28
727122,2,2,747,0,4,4,0
727122,2,1,977,4500,11,14,1
727122,1,1,134,2592,4,3,0
727122,1,1,573,0,2,2,0
727124,3,1,36,0,1,6,3
727124,1,0,15,684,0,2,1
727124,19,2,868,0,5,36,16
727124,8,6,202,2604,18,21,3
727124,14,5,313,0,10,28,10
727124,1,1,112,1080,2,2,0
727124,20,7,704,0,14,38,13
727124,5,2,194,636,3,10,4
727124,10,1,143,0,2,18,8
727124,4,1,155,0,3,8,3
727125,14,3,1240,0,5,26,11
727125,25,22,1696,2004,108,74,8
727125,8,4,445,0,11,16,4
727125,1,1,306,1104,4,3,0
727125,24,7,884,0,21,47,16
727125,3,2,268,300,3,6,2
727125,8,3,656,0,4,16,7
727125,3,2,118,0,4,6,2
727126,7,4,0,0,18,15,3
727126,7,7,7,0,22,15,0
727126,1,1,0,0,3,2,0
727126,1,0,0,0,0,0,0
727126,4,3,354,0,15,8,1
727126,2,1,365,0,3,2,0
727126,1,1,0,0,7,2,0
727128,1,1,494,0,1,2,1
727128,2,2,860,0,4,5,1
727128,1,1,2547,0,3,2,0
727128,4,4,1352,0,9,8,0
727128,2,2,3969,0,4,4,0
727128,1,0,23,0,0,0,0
727128,1,1,5525,0,1,2,1
727128,3,2,42,0,5,4,0
729842,3,3,293,0,9,6,0
729842,14,4,0,0,8,24,9
729842,271,262,35,228,754,610,40
729842,17,11,269,0,31,22,0
729842,624,366,0,0,901,1234,293
729842,3,3,200,0,7,6,0
729842,403,401,154,876,1272,858,28
729842,12,8,881,0,17,18,1
729842,36,27,212,0,69,70,10
729842,2,2,551,0,7,4,0
729842,5,1,18,0,2,11,4
729843,1,1,21,0,2,2,0
729843,4,4,121,0,7,8,1
729843,3,3,322,0,7,6,0
729843,3,3,778,0,8,7,0
729843,2,1,1236,0,3,2,0
729843,4,3,899,0,5,8,2
729843,4,3,28,0,7,6,0
729843,2,2,322,0,6,4,0
729844,277,266,28,132,627,538,10
729844,276,263,309,0,704,540,11
729844,291,286,221,444,883,654,21
729844,117,90,1193,0,245,180,3
729844,627,619,775,876,1692,1254,24
729844,32,30,1670,0,89,64,3
729844,435,429,634,672,1143,919,38
729844,234,154,782,0,355,357,32
729844,337,330,93,324,816,663,18
729844,26,24,1428,0,65,50,1
729844,13,13,481,0,35,28,2
822565,1,1,12,0,2,2,0
822565,261,240,78,0,1147,529,37
822565,385,378,16,0,1686,763,9
822565,1,1,255,0,19,2,0
822567,284,252,0,240,660,569,49
822567,279,255,137,12,666,556,32
822567,210,184,366,0,614,453,28
822567,118,99,263,276,253,221,18
822567,213,140,333,1548,799,406,80
822567,39,28,0,0,115,63,15
822567,292,277,822,888,751,602,23
822567,184,162,487,0,430,361,26
822567,332,305,124,384,789,632,38
822567,30,23,0,0,85,60,10
822567,18,15,245,0,55,29,3
828278,286,279,0,192,681,578,17
828278,290,286,217,0,754,581,8
828278,292,289,561,372,856,650,32
828278,171,110,282,0,271,336,65
828278,628,620,1278,0,1511,1270,35
828278,49,32,131,0,70,98,17
828278,433,421,1246,0,1094,907,31
828278,223,178,473,0,473,446,52
828278,339,335,98,264,755,678,12
828278,48,27,301,0,63,96,23
828278,34,15,210,0,32,70,20
866765,322,285,66,0,683,642,44
866765,326,301,101,0,689,651,29
866765,292,255,184,156,844,610,39
866765,1606,1421,1002,0,3380,3195,196
866765,678,607,76,300,1579,1349,70
866765,698,621,242,588,1537,1396,87
866765,435,376,184,168,1096,871,64
866765,1698,1444,984,0,3294,3373,386
866765,367,326,291,0,809,712,38
866765,594,545,485,0,1281,1182,59
866765,304,277,108,36,770,609,30
867698,3,3,249,0,6,6,0
867698,17,16,0,0,44,34,3
867698,275,272,139,84,878,690,25
867698,3,3,645,0,9,6,0
867698,624,444,0,0,918,976,76
867698,8,6,573,0,22,17,2
867698,406,404,42,132,1260,887,16
867698,27,25,1002,0,54,54,2
867698,21,0,0,0,0,28,14
867698,1,0,380,0,0,4,1
868483,328,296,115,0,3297,714,45
868483,329,257,0,0,2565,675,88
868483,294,285,1081,900,3565,1170,50
868483,1595,1434,1286,0,16287,3194,164
868483,687,421,0,0,4375,1540,307
868483,671,586,506,0,6575,1374,94
868483,437,425,1491,1296,4260,1239,75
868483,1667,1478,0,0,17031,3459,240
868483,348,218,0,0,2939,766,156
868483,578,475,0,0,4985,1177,139
868483,305,277,369,0,3623,628,32
868485,320,271,0,0,3194,654,68
868485,326,273,0,0,2445,658,69
868485,294,274,125,1476,2736,1117,69
868485,1593,1409,0,0,15765,3184,223
868485,687,539,0,0,4142,1464,236
868485,669,605,2429,0,7542,1371,75
868485,436,421,1208,1224,3836,1329,92
868485,1667,1502,8956,0,17096,3386,169
868485,275,250,2227,0,2578,565,30
868485,577,527,1662,0,5460,1171,57
868485,304,286,562,0,2970,620,20
899756,284,265,0,384,586,572,27
899756,290,286,327,0,612,579,3
899756,288,279,189,192,998,883,28
899756,103,95,1003,0,204,203,8
899756,625,623,990,180,1522,1324,30
899756,34,33,827,492,144,81,4
899756,413,408,365,312,946,917,35
899756,172,162,1595,0,412,339,6
899756,339,333,442,264,825,695,12
899756,25,25,717,900,93,61,2
899756,15,14,789,0,52,38,1
899760,284,266,0,120,541,565,21
899760,291,286,114,0,574,578,3
899760,292,287,0,792,921,938,44
899760,103,98,152,108,217,200,5
899760,688,682,181,108,1702,1426,23
899760,34,34,112,324,207,69,0
899760,416,410,292,324,1073,1013,21
899760,172,163,522,0,411,343,8
899760,344,338,52,24,740,678,7
899760,25,25,146,288,91,50,0
899760,15,15,96,0,52,30,0
457273,514,435,313,300,790,1034,258
457273,328,314,0,492,626,658,84
457273,475,471,30,300,1011,951,26
457273,331,294,86,300,571,662,110
457273,294,286,0,216,644,613,40
457273,685,666,26,456,1411,1366,123
457273,727,676,115,768,1610,1535,198
457273,325,311,57,288,658,655,59
457273,704,679,118,540,1475,1415,130
457273,439,430,139,288,933,887,58
457273,470,467,82,300,1016,942,32
457273,486,455,46,300,892,973,131
457273,390,388,16,684,828,778,28
457273,369,355,104,456,735,740,76
457273,599,589,103,624,1299,1194,53
457273,308,298,0,204,636,616,45
225490,515,497,431,168,1322,1072,69
225490,329,322,172,0,876,726,39
225490,475,464,289,240,1196,1007,55
225490,331,324,387,0,793,723,38
225490,294,288,167,252,917,704,42
225490,687,677,204,192,1793,1409,48
225490,722,701,331,1968,2433,2273,152
225490,325,316,548,480,1094,1037,79
225490,706,685,728,1548,2166,1856,117
225490,439,432,231,144,1120,937,51
225490,470,464,561,228,1284,1059,41
225490,486,482,97,204,1310,998,30
225490,390,387,50,48,996,788,20
225490,369,353,315,624,964,963,88
225490,598,589,227,600,1572,1337,62
225490,308,302,0,216,815,659,27
226373,499,492,135,84,1267,1017,25
226373,329,324,74,0,810,682,24
226373,453,441,231,180,1137,935,38
226373,330,323,92,0,790,670,18
226373,288,278,120,192,729,650,39
226373,676,639,170,192,1594,1365,79
226373,706,673,70,1032,1791,1610,115
226373,306,298,84,96,899,626,25
226373,664,639,281,756,1816,1444,74
226373,435,424,194,180,1122,925,45
226373,466,454,183,204,1161,957,35
226373,478,467,245,72,1181,966,27
226373,385,376,9,96,901,775,26
226373,368,327,176,264,824,798,105
226373,591,572,221,408,1438,1238,75
226373,306,294,0,204,727,630,43
313666,515,505,211,180,1364,1057,53
313666,329,319,198,0,880,709,33
313666,475,470,248,156,1265,980,27
313666,331,328,290,0,885,700,15
313666,288,282,150,168,774,661,27
313666,686,678,159,132,1914,1391,30
313666,713,689,580,1248,2161,1911,109
313666,325,309,480,420,947,911,72
313666,706,690,574,888,2106,1642,85
313666,436,433,210,120,1188,905,29
313666,470,466,245,168,1346,1033,27
313666,486,483,122,108,1383,980,16
313666,390,387,0,72,1035,787,26
313666,368,361,284,288,1057,872,62
313666,597,590,353,816,1592,1274,51
313666,308,304,17,120,849,631,17
313667,514,510,112,96,1409,1044,24
313667,328,323,164,0,850,692,29
313667,474,472,213,132,1214,969,28
313667,330,323,410,0,828,680,32
313667,286,279,96,132,724,617,26
313667,685,675,103,48,1914,1373,30
313667,712,694,91,1224,2072,1826,124
313667,324,315,145,216,951,751,43
313667,698,681,441,576,1963,1538,88
313667,434,429,125,60,1178,884,22
313667,469,462,254,0,1282,981,22
313667,486,484,90,36,1508,976,12
313667,390,388,0,48,1011,788,17
313667,364,334,284,312,867,866,108
313667,596,580,110,348,1534,1222,52
313667,308,302,0,132,846,637,23
246784,514,508,53,24,1245,523,6
246784,327,321,61,0,728,334,6
246784,472,466,94,0,1321,482,6
246784,329,315,72,0,652,330,14
246784,294,289,20,24,629,316,6
246784,684,673,78,36,1861,718,10
246784,706,698,213,0,1909,786,11
246784,324,315,68,24,861,362,8
246784,701,683,296,0,2405,818,20
246784,438,427,29,12,1126,450,13
246784,466,458,122,12,1173,476,8
246784,485,478,49,0,1205,490,7
246784,389,385,44,24,1051,389,4
246784,367,346,8,60,984,463,22
246784,596,583,117,12,1390,656,18
246784,308,305,246,0,821,319,3
265245,513,499,929,192,1508,1573,191
265245,327,320,806,0,1014,998,108
265245,473,463,1646,0,1617,1485,98
265245,329,324,884,0,1009,998,98
265245,294,289,534,252,1053,939,67
265245,684,666,1581,288,2285,2125,144
265245,688,675,1576,432,2527,2400,199
265245,324,308,1944,156,1193,1293,136
265245,701,671,6432,0,3415,2795,223
265245,438,431,503,276,1397,1368,149
265245,466,456,2778,0,1521,1504,120
265245,485,472,1064,216,1417,1474,169
265245,389,382,443,324,1274,1196,71
265245,365,359,729,768,1296,1206,88
265245,596,574,4145,12,2367,2428,225
265245,308,303,4640,0,1066,1051,73
483980,9,9,153,0,30,18,1
850338,118,114,113,0,239,120,4
850338,102,100,127,0,190,105,3
850338,177,176,133,0,336,183,1
850338,134,125,60,0,239,136,9
850338,179,174,66,0,327,206,6
850338,245,240,351,0,487,265,4
850338,531,526,196,0,1249,604,6
850338,241,234,65,0,515,282,8
850338,612,604,123,0,1326,731,9
850338,136,133,202,0,262,144,3
850338,184,181,94,0,293,193,3
850338,128,125,5,12,205,131,3
850338,73,69,7,12,111,73,4
850338,301,299,192,0,730,394,5
850338,517,506,29,48,901,568,11
850338,195,193,45,0,342,202,2
6205,515,509,1735,960,3515,2121,98
6205,331,327,1039,0,2069,1383,65
6205,724,709,1167,2880,4965,4103,221
6205,324,309,2398,0,2257,2130,133
6205,486,483,2792,0,3194,2087,104
6205,390,382,2301,0,2322,1687,102
6205,599,593,2427,2880,4531,3987,227
277790,511,503,911,1500,3164,1766,82
277790,324,324,1301,0,2030,1098,28
277790,725,715,6056,0,4492,3215,157
277790,315,290,2939,0,1641,1565,141
277790,485,480,598,1200,2713,1587,81
277790,389,381,2206,0,2225,1257,61
277790,589,576,5114,4800,3717,2435,136
891465,515,507,2740,2160,3682,3661,211
891465,331,328,4074,0,2512,2178,95
891465,733,725,14021,0,7889,7986,335
891465,325,321,4522,0,3309,3581,157
891465,486,484,3648,720,3763,3909,220
891465,394,387,4017,0,2698,2792,185
891465,611,608,17364,720,6822,6962,316
