Item,AIM Store Cnt,Instock Store Cnt,Store In Stock %,DC BOH Turn,DC BOO Turn,Store BOH,TIL,Need for TIL
276778,400,377,0.943,0,114,894,800,72
276778,385,331,0.86,0,228,679,773,166
276778,448,394,0.879,0,228,950,896,163
276778,481,390,0.812,0,336,756,976,252
276778,308,263,0.853,0,0,503,616,136
276778,638,594,0.931,46,216,1293,1279,182
276778,767,710,0.926,0,0,1705,1524,158
276778,325,292,0.898,0,150,725,654,102
276778,651,585,0.898,0,288,1536,1338,175
276778,369,315,0.854,0,210,638,737,144
276778,474,422,0.89,0,216,910,951,146
276778,507,470,0.926,0,0,1031,1015,146
276778,446,401,0.9,0,204,987,892,144
276778,341,322,0.943,0,96,882,683,57
276778,608,476,0.782,0,492,898,1258,312
276778,410,363,0.884,0,180,818,823,116
973898,40,40,1,0,24,0,80,40
973899,390,366,0.938,0,132,703,777,53
973899,380,344,0.906,156,60,656,768,69
973899,435,415,0.954,144,24,818,859,47
973899,484,464,0.959,133,0,952,964,34
973899,300,286,0.952,155,0,563,598,25
973899,626,600,0.958,141,48,1222,1239,44
973899,766,688,0.899,202,276,1699,1523,83
973899,299,299,1,744,0,9,579,295
973899,586,559,0.954,257,0,1135,1093,49
973899,344,316,0.92,77,24,639,688,34
973899,462,449,0.972,142,0,890,904,32
973899,500,470,0.941,136,0,924,959,49
973899,446,429,0.962,74,36,889,878,26
973899,322,316,0.982,146,72,652,647,14
973899,554,520,0.939,361,36,1022,1050,80
973899,390,368,0.945,95,120,775,735,25
973901,390,364,0.933,236,120,826,521,43
973901,380,352,0.927,275,0,800,557,44
973901,436,420,0.964,426,0,983,540,22
973901,483,465,0.963,419,0,1096,669,29
973901,299,286,0.958,312,0,672,375,18
973901,625,597,0.956,514,0,1382,839,32
973901,765,746,0.975,306,0,2190,1107,43
973901,301,301,1,1008,0,8,364,296
973901,583,554,0.95,600,0,1281,702,49
973901,344,315,0.915,237,0,738,492,26
973901,462,448,0.969,423,0,1043,622,24
973901,500,482,0.963,461,0,1123,619,23
973901,446,433,0.972,127,0,1265,620,18
973901,322,315,0.978,274,36,737,400,10
973901,557,521,0.935,682,0,1229,727,55
973901,390,381,0.977,444,0,886,461,15
200964,399,396,0.992,792,288,993,823,26
200964,383,335,0.875,2061,0,720,806,122
200964,318,311,0.979,715,432,875,772,52
200964,605,597,0.986,2277,0,1706,1507,93
213140,400,396,0.989,619,720,1430,1019,62
213140,392,383,0.978,600,0,1500,957,50
213140,325,321,0.989,414,360,1848,1035,39
213140,612,609,0.996,1988,720,4999,1920,44
237741,400,396,0.991,589,72,1498,1561,166
237741,390,387,0.993,804,864,1459,1496,123
237741,448,446,0.996,3569,0,1606,1594,98
237741,494,490,0.992,1264,0,1872,1843,145
237741,310,307,0.99,2468,0,1413,1329,99
237741,639,637,0.997,6446,0,2368,2407,169
237741,761,752,0.988,2168,648,2501,2545,265
237741,324,228,0.703,765,792,683,1543,275
237741,655,648,0.989,4793,0,3485,3931,323
237741,368,361,0.981,27,1080,1494,1543,119
237741,473,467,0.987,2346,0,1682,1828,167
237741,505,501,0.993,192,504,1956,2053,221
237741,443,441,0.996,1922,0,1649,1693,123
237741,339,335,0.988,665,432,1153,1146,64
237741,604,598,0.989,2660,0,3132,3284,262
237741,405,403,0.994,5070,0,2034,2024,166
237755,400,392,0.979,0,720,1408,1488,153
237755,390,365,0.936,0,432,1317,1446,151
237755,448,395,0.882,42,1440,1045,1525,263
237755,492,422,0.858,347,1512,1361,1837,266
237755,310,307,0.99,1554,0,1299,1227,91
237755,638,584,0.915,0,1080,1819,2358,318
237755,793,778,0.981,927,864,2957,3030,283
237755,324,282,0.869,360,1152,909,1513,238
237755,655,650,0.992,2600,360,2969,3258,296
237755,369,361,0.978,307,864,1545,1634,141
237755,473,422,0.892,0,1080,1538,1901,193
237755,505,284,0.562,964,792,358,1974,476
237755,443,403,0.909,0,864,1228,1697,238
237755,339,301,0.887,72,1152,857,1151,165
237755,604,460,0.761,0,1872,1877,2793,382
237755,405,399,0.984,1489,0,1647,1755,133
249816,400,397,0.992,86,228,1036,987,72
249816,392,362,0.923,20,192,945,1054,123
249816,449,375,0.835,161,828,859,1112,196
249816,492,441,0.896,375,600,1044,1317,211
249816,310,306,0.987,4,444,948,910,113
249816,640,627,0.979,0,540,1581,1564,126
249816,795,679,0.854,28,1392,2250,2481,294
249816,325,236,0.725,231,24,499,959,234
249816,656,453,0.69,242,1116,1507,1980,272
249816,370,352,0.952,29,204,1040,1070,121
249816,478,436,0.912,0,540,993,1232,177
249816,508,484,0.952,0,1020,1064,1269,187
249816,450,434,0.964,0,1080,1001,1085,105
249816,344,338,0.983,36,384,987,953,62
249816,608,384,0.631,91,2424,958,1834,383
249816,411,352,0.856,0,528,925,1145,157
308266,400,398,0.994,529,72,1670,1676,151
308266,392,326,0.833,123,408,1653,1942,180
308266,449,397,0.883,546,0,1151,1690,272
308266,492,298,0.606,0,2400,1201,2065,296
308266,310,309,0.995,623,0,1433,1308,100
308266,637,621,0.976,0,780,2311,2544,258
308266,794,663,0.835,149,1512,3456,4033,325
308266,325,304,0.936,540,504,1163,1545,200
308266,656,435,0.664,3,3516,2147,3593,415
308266,368,364,0.989,239,720,1649,1633,124
308266,478,467,0.976,0,600,1808,1954,167
308266,508,395,0.777,4,960,1462,2283,327
308266,449,449,1,170,288,1768,1648,81
308266,344,338,0.984,2110,0,1368,1295,58
308266,612,530,0.866,95,2736,2958,3451,278
308266,411,393,0.956,575,348,1639,1727,155
320989,876,876,1,300,384,631,483,33
320989,988,988,1,300,768,679,553,95
320989,1035,1035,1,935,0,1081,736,46
320989,837,837,1,956,0,1023,611,40
320989,928,928,1,239,768,915,614,40
320989,1736,1736,1,1357,0,1457,920,73
320989,2604,2604,1,1650,1152,2273,1679,136
320989,1060,1060,1,1004,384,1046,628,42
320989,2408,2408,1,1785,768,2186,1361,100
320989,912,912,1,794,384,784,541,35
320989,1416,1416,1,1353,0,1227,815,53
320989,1220,1220,1,953,0,916,667,50
320989,1080,1080,1,499,0,821,580,46
320989,1192,1192,1,882,0,927,652,62
320989,2212,2212,1,1617,768,2349,1363,76
320989,1047,1047,1,1107,0,1329,799,44
460400,400,400,1,5285,0,2345,2416,141
460400,392,376,0.96,6,948,1913,2358,209
460400,449,433,0.964,90,1908,1828,2687,319
460400,494,419,0.849,50,2604,1980,2956,300
460400,310,299,0.965,0,780,1295,1893,225
460400,641,637,0.994,655,180,3765,3852,198
460400,756,733,0.97,77,1596,4154,4557,292
460400,325,280,0.861,691,804,1083,1986,269
460400,657,585,0.89,618,3000,2551,3993,453
460400,370,358,0.966,0,684,1729,2238,218
460400,478,464,0.972,0,1008,2263,2868,262
460400,508,455,0.897,6,768,1833,3054,371
460400,450,424,0.943,0,480,1723,2701,332
460400,343,340,0.993,48,984,1919,2085,125
460400,609,540,0.887,77,2916,2983,3663,284
460400,411,381,0.926,283,2544,1561,2490,306
460403,400,400,0.999,3705,60,2331,2438,156
460403,389,370,0.952,68,852,2008,2345,185
460403,446,413,0.925,595,1548,1816,2679,314
460403,488,314,0.644,93,3252,1596,2971,316
460403,310,308,0.993,4,1548,1933,1943,110
460403,638,626,0.982,945,252,3587,3842,231
460403,792,744,0.94,11,2820,4542,4985,308
460403,320,267,0.833,761,384,938,2033,281
460403,646,621,0.961,2069,612,3248,4155,439
460403,368,351,0.953,0,1140,1759,2271,216
460403,475,472,0.995,440,516,2644,2905,227
460403,508,451,0.888,3,864,1706,3097,402
460403,450,401,0.891,0,912,1807,2715,291
460403,340,331,0.974,60,780,1863,2054,136
460403,601,444,0.739,1965,0,2632,3702,315
460403,410,311,0.759,307,2592,1312,2536,314
460423,400,399,0.997,0,492,2241,2406,166
460423,391,361,0.924,36,804,1726,2344,238
460423,448,423,0.943,15,2688,1676,2683,338
460423,489,455,0.93,34,2448,2144,2945,291
460423,310,298,0.962,0,1572,1526,1868,163
460423,641,639,0.997,119,168,3765,3830,196
460423,788,764,0.97,742,720,4884,4721,179
460423,325,277,0.851,716,0,1050,1980,267
460423,654,554,0.848,0,3348,2514,3945,448
460423,370,361,0.976,0,1356,1704,2220,222
460423,477,423,0.887,0,888,1687,2883,344
460423,508,507,0.999,330,900,2871,3055,193
460423,450,423,0.941,0,480,1666,2695,349
460423,343,340,0.99,776,252,2034,2050,50
460423,609,510,0.837,0,948,2457,3652,361
460423,411,325,0.791,0,1584,1248,2475,307
689296,391,385,0.985,14,144,962,801,51
689296,390,388,0.996,0,216,1158,839,33
689296,432,412,0.954,124,168,1090,894,87
689296,493,480,0.973,53,240,1362,1019,59
689296,309,308,0.998,2,144,1053,675,27
689296,612,608,0.993,41,288,1784,1286,41
689296,780,776,0.995,48,456,2327,1831,91
689296,319,293,0.918,156,192,833,734,111
689296,643,578,0.899,28,1020,1744,1534,193
689296,366,365,0.998,108,48,1135,760,18
689296,462,459,0.994,0,300,1312,953,38
689296,490,487,0.993,0,144,1427,1004,48
689296,429,423,0.986,0,192,1124,882,56
689296,337,332,0.985,0,180,870,777,65
689296,588,516,0.878,0,696,1396,1350,158
689296,386,377,0.976,79,240,1143,798,36
716887,398,382,0.961,0,264,938,834,89
716887,390,343,0.88,60,252,1051,884,78
716887,449,382,0.851,208,552,944,947,160
716887,483,382,0.791,288,900,1061,1037,161
716887,306,295,0.964,21,252,1038,784,51
716887,637,625,0.981,16,384,1765,1352,62
716887,786,716,0.911,161,816,2610,2057,123
716887,325,225,0.694,552,156,528,805,182
716887,656,442,0.673,867,2436,1370,1688,315
716887,364,356,0.978,89,480,1132,881,44
716887,478,462,0.967,0,468,1253,1054,102
716887,508,433,0.852,476,108,934,1057,253
716887,448,444,0.992,0,324,1294,936,44
716887,343,326,0.95,48,312,768,821,120
716887,612,449,0.733,51,2184,1354,1449,192
716887,411,390,0.95,60,492,1033,934,76
850624,400,368,0.919,600,612,931,1218,237
850624,391,319,0.815,24,708,860,1179,200
850624,449,417,0.929,0,1644,1254,1337,177
850624,491,251,0.512,56,2004,681,1487,326
850624,310,305,0.985,114,96,912,904,96
850624,640,365,0.57,1294,2436,845,1998,496
850624,757,717,0.947,78,588,2391,2178,183
850624,325,191,0.589,60,1152,390,1064,268
850624,655,369,0.564,2490,2304,1100,2561,488
850624,370,363,0.981,160,312,1033,1071,99
850624,477,292,0.612,0,876,695,1512,335
850624,508,326,0.641,0,588,683,1557,369
850624,449,442,0.985,0,1536,1391,1395,107
850624,343,338,0.984,24,384,1062,989,56
850624,610,372,0.61,78,3084,1916,2393,223
850624,411,377,0.918,806,2148,1547,1357,84
868171,1203,1203,1,0,0,385,803,284
868171,286,286,1,0,0,74,286,126
868171,1185,1185,1,0,0,281,784,313
868171,900,900,1,0,0,389,898,339
868171,1491,1491,1,0,0,374,991,393
868171,620,620,1,0,0,188,620,254
868171,1941,1941,1,0,0,551,1282,475
868171,1842,1842,1,0,0,523,1222,458
868171,984,984,1,0,0,323,654,227
868171,1983,1983,1,0,0,471,1319,523
868171,738,738,1,0,0,246,736,295
868171,1434,1434,1,0,0,349,954,373
868171,1524,1524,1,0,0,482,1016,362
868171,1350,1350,1,0,0,445,897,305
868171,1035,1035,1,0,0,315,688,257
868171,1848,1848,1,0,0,281,1225,539
868171,1236,1236,1,0,0,294,824,328
908183,272,270,0.991,359,0,616,557,21
908183,335,331,0.989,146,144,773,685,23
908183,265,261,0.985,182,168,663,546,26
908183,438,431,0.984,79,360,1080,888,22
908183,261,258,0.99,329,24,773,550,16
908183,436,429,0.985,270,336,1079,898,36
908183,723,707,0.978,732,816,2155,1526,101
908183,197,196,0.995,173,432,472,423,23
908183,407,399,0.979,543,264,1144,872,52
908183,328,323,0.985,161,336,871,673,19
908183,272,268,0.984,166,120,662,575,30
908183,283,282,0.998,142,72,657,570,24
908183,238,237,0.994,196,96,568,484,20
908183,319,314,0.985,250,336,752,668,44
908183,390,383,0.982,261,360,889,816,57
908183,258,254,0.984,235,192,679,542,22
920128,399,399,1,308,0,1017,907,39
920128,387,386,0.998,432,0,993,957,66
920128,447,431,0.964,0,372,1008,1046,134
920128,492,491,0.999,331,0,1253,1165,60
920128,307,307,0.999,61,36,857,801,72
920128,639,639,1,299,108,1643,1464,9
920128,793,789,0.995,342,84,2421,2138,142
920128,320,320,1,263,0,1032,848,48
920128,615,588,0.956,487,576,1756,1713,207
920128,366,365,0.998,30,60,999,918,63
920128,469,448,0.955,0,192,996,1140,195
920128,508,507,0.997,20,72,1297,1202,77
920128,449,449,0.999,135,0,1103,1010,23
920128,340,339,0.997,0,324,973,881,20
920128,561,557,0.994,0,192,1634,1573,150
920128,411,411,1,194,96,1158,1045,16
936445,398,398,0.999,83,0,1026,806,7
936445,389,389,0.999,33,72,958,806,14
936445,449,440,0.979,54,120,1085,922,38
936445,491,471,0.959,151,48,1130,1016,62
936445,310,310,1,7,48,900,671,23
936445,640,637,0.996,52,72,1670,1320,19
936445,754,747,0.991,145,72,2074,1688,68
936445,325,322,0.99,36,60,791,719,60
936445,657,641,0.975,89,444,1786,1545,95
936445,369,369,1,0,132,959,759,7
936445,478,477,0.997,26,48,1202,956,10
936445,508,508,1,0,84,1251,1020,12
936445,449,449,1,18,24,1118,902,9
936445,343,341,0.994,33,36,952,780,10
936445,610,599,0.982,0,180,1689,1373,34
936445,411,410,0.997,132,48,1061,826,14
936447,399,398,0.997,53,60,1041,800,3
936447,389,389,1,62,0,1010,792,9
936447,449,446,0.993,69,60,1070,914,31
936447,491,485,0.988,196,0,1142,1003,49
936447,310,310,1,8,48,862,654,17
936447,640,637,0.995,20,108,1640,1306,17
936447,754,748,0.992,108,132,2074,1629,50
936447,325,322,0.99,36,60,834,695,46
936447,657,638,0.971,172,144,1572,1466,145
936447,370,369,0.997,16,48,989,747,6
936447,478,476,0.995,17,48,1156,956,13
936447,508,508,0.999,0,96,1280,1018,12
936447,449,448,0.998,39,24,1117,899,10
936447,343,342,0.996,0,84,939,746,23
936447,610,598,0.98,57,132,1612,1305,92
936447,411,408,0.993,34,192,985,826,42
936448,398,398,1,43,36,1052,806,10
936448,388,386,0.996,1,96,1010,805,16
936448,449,448,0.998,52,84,1156,933,20
936448,494,493,0.998,63,72,1301,1016,20
936448,310,309,0.998,111,0,922,671,27
936448,640,640,1,71,0,1771,1318,7
936448,792,786,0.993,280,132,2509,1944,80
936448,325,325,1,222,0,925,719,43
936448,656,651,0.992,29,288,1930,1545,83
936448,369,368,0.997,13,36,1039,759,11
936448,478,478,1,66,0,1288,956,6
936448,508,504,0.992,0,36,1291,1020,33
936448,449,449,0.999,20,24,1186,902,10
936448,343,342,0.996,127,0,996,780,9
936448,609,604,0.992,0,108,1713,1374,84
936448,411,411,1,256,0,1061,826,7
957603,400,398,0.994,486,240,1374,1240,102
957603,388,330,0.851,454,276,1172,1261,130
957603,448,352,0.785,286,1452,913,1311,264
957603,489,471,0.963,1046,0,1789,1626,154
957603,310,305,0.985,558,1572,890,922,100
957603,639,629,0.984,1242,756,2132,1932,85
957603,786,688,0.876,293,3972,2960,2819,175
957603,323,189,0.585,1500,1704,385,1074,283
957603,653,388,0.594,1574,756,988,2144,475
957603,369,363,0.983,1141,252,1150,1171,121
957603,473,457,0.966,278,1452,1529,1516,86
957603,505,503,0.995,156,948,1556,1522,132
957603,443,442,0.997,339,780,1475,1368,64
957603,339,334,0.987,149,780,1198,1156,61
957603,603,431,0.714,5,1872,1459,1996,276
957603,405,351,0.867,6,1548,1190,1236,86
957606,399,371,0.929,0,792,792,1073,198
957606,387,273,0.705,25,672,775,1066,159
957606,449,343,0.763,171,1368,728,1188,281
957606,489,317,0.649,234,1704,786,1307,272
957606,306,303,0.99,148,1176,914,884,90
957606,636,557,0.876,0,1296,1215,1664,309
957606,793,658,0.829,1221,3768,2407,2525,174
957606,325,189,0.582,460,528,332,896,268
957606,657,499,0.76,156,2112,1540,1864,249
957606,368,357,0.97,231,672,904,992,114
957606,478,396,0.829,0,768,879,1282,253
957606,508,502,0.989,113,1440,1242,1332,151
957606,449,420,0.934,0,840,974,1181,160
957606,343,319,0.931,24,912,803,966,131
957606,608,473,0.778,0,2736,1416,1679,214
957606,411,369,0.898,105,1680,1112,1112,58
957608,183,181,0.989,113,36,448,392,15
957608,200,190,0.95,96,0,515,480,40
957608,282,281,0.998,88,168,764,620,21
957608,238,226,0.95,213,0,556,526,56
957608,210,209,0.996,145,84,616,501,23
957608,348,346,0.994,107,180,898,730,23
957608,568,562,0.99,514,120,2276,1656,64
957608,183,181,0.987,157,0,635,557,28
957608,431,429,0.996,124,528,1426,1228,52
957608,195,193,0.989,136,60,469,413,19
957608,297,292,0.982,136,132,827,748,36
957608,244,241,0.987,40,48,613,505,12
957608,222,221,0.994,90,60,524,461,13
957608,245,242,0.988,58,180,712,618,21
957608,402,385,0.957,184,288,1046,988,81
957608,261,254,0.973,215,72,696,599,22
957609,188,187,0.995,144,36,593,593,65
957609,193,192,0.996,63,168,769,702,37
957609,286,286,1,140,324,996,949,41
957609,237,228,0.961,182,180,778,826,75
957609,188,188,0.998,196,108,783,708,34
957609,355,355,1,157,228,1267,1210,51
957609,570,568,0.996,294,648,2468,2085,110
957609,191,191,0.999,25,132,710,695,50
957609,443,415,0.937,458,972,1485,1737,204
957609,197,196,0.996,247,72,810,762,46
957609,301,300,0.996,85,360,1101,1039,41
957609,253,251,0.992,136,144,773,774,78
957609,227,227,0.999,21,276,761,723,33
957609,252,251,0.994,80,192,879,848,25
957609,405,405,0.999,238,456,1657,1538,68
957609,261,260,0.996,202,228,930,914,44
972687,1604,1604,1,335,648,917,825,35
972687,1182,1182,1,454,288,785,802,75
972687,1350,1350,1,407,432,995,923,62
972687,1491,1491,1,836,0,1154,1031,62
972687,1240,1240,1,592,432,927,803,44
972687,2592,2592,1,1164,432,1461,1336,75
972687,3192,3192,1,1603,720,2010,1892,151
972687,1312,1312,1,1037,0,819,737,53
972687,2648,2648,1,2292,0,1746,1526,110
972687,1480,1480,1,1063,0,904,842,68
972687,1916,1916,1,1427,0,1090,1043,83
972687,1527,1527,1,1290,0,1027,1038,120
972687,1353,1353,1,882,0,1002,920,57
972687,1380,1380,1,667,288,746,745,61
972687,2476,2476,1,1333,720,1603,1470,118
972687,1656,1656,1,828,432,956,889,58
559682,399,397,0.996,79,60,1258,806,9
559682,387,383,0.989,136,108,1306,788,12
559682,448,439,0.979,185,156,1408,901,32
559682,487,481,0.989,174,72,1539,997,32
559682,310,309,0.998,238,0,1307,636,8
559682,641,638,0.996,64,108,2123,1293,9
559682,793,782,0.987,516,408,3181,1642,27
559682,324,320,0.988,232,156,1102,681,30
559682,655,645,0.985,1088,324,2512,1387,38
559682,369,368,0.997,42,108,1265,741,8
559682,476,473,0.995,202,12,1600,981,15
559682,509,508,0.998,106,12,1648,1021,7
559682,449,448,0.998,114,84,1404,901,6
559682,342,341,0.998,167,312,1397,696,5
559682,608,605,0.995,375,120,2612,1282,19
559682,410,405,0.989,266,96,1617,833,18
867042,399,398,0.999,132,96,1460,806,5
867042,387,384,0.992,178,0,1467,782,10
867042,448,434,0.969,63,312,1466,896,46
867042,488,486,0.996,211,24,1877,997,15
867042,310,309,0.998,158,84,1338,628,4
867042,641,638,0.996,58,120,2430,1297,21
867042,793,784,0.989,117,372,3352,1606,20
867042,324,317,0.98,74,216,1101,659,44
867042,655,636,0.971,540,36,2586,1361,48
867042,368,367,0.997,96,192,1455,739,7
867042,475,472,0.993,192,24,1886,959,11
867042,509,508,0.998,139,0,1923,1020,9
867042,449,448,0.998,137,156,1692,901,11
867042,342,341,0.996,16,228,1509,697,12
867042,608,597,0.982,222,204,2400,1278,37
867042,411,400,0.974,192,48,1607,831,17
867043,399,398,0.997,12,168,1318,805,10
867043,388,384,0.991,91,132,1437,784,7
867043,448,436,0.974,35,300,1394,898,43
867043,491,489,0.995,257,108,1702,1006,24
867043,310,310,1,84,0,1411,634,3
867043,640,633,0.989,189,84,1895,1293,53
867043,795,756,0.951,450,348,3138,1625,21
867043,324,284,0.877,121,252,777,689,116
867043,655,593,0.905,428,0,1994,1394,141
867043,368,368,0.999,0,264,1397,741,12
867043,476,475,0.998,235,12,1891,986,7
867043,509,505,0.993,76,228,1773,1026,21
867043,449,449,1,7,120,1622,901,6
867043,342,322,0.941,0,180,1132,699,66
867043,610,547,0.897,113,504,1655,1290,160
867043,411,378,0.92,70,216,1113,837,90
903988,397,390,0.982,5,36,915,794,127
903988,387,379,0.979,158,60,846,775,105
903988,448,439,0.98,0,48,1027,896,136
903988,491,485,0.987,2,108,1341,975,53
903988,310,306,0.988,2,96,816,618,58
903988,641,638,0.996,2,120,1693,1283,52
903988,791,767,0.97,2,156,2221,1542,102
903988,323,303,0.939,94,60,760,650,83
903988,654,632,0.966,0,300,1739,1309,119
903988,368,361,0.981,0,60,899,735,77
903988,474,471,0.994,0,156,1318,949,54
903988,508,503,0.99,0,36,1141,1017,122
903988,449,447,0.997,12,36,1236,899,32
903988,342,333,0.975,0,36,907,683,77
903988,606,592,0.978,0,132,1712,1210,101
903988,410,389,0.95,0,264,1216,822,60
908126,399,399,1,168,84,1274,805,6
908126,386,381,0.986,78,72,1200,780,7
908126,448,418,0.932,75,300,1120,897,100
908126,485,462,0.952,164,0,1370,997,44
908126,310,308,0.994,100,0,1150,625,4
908126,641,637,0.994,127,84,2037,1292,9
908126,793,768,0.969,84,444,2643,1604,35
908126,324,297,0.917,276,216,850,658,82
908126,655,538,0.821,323,204,1718,1360,170
908126,369,364,0.986,114,48,1214,740,7
908126,474,470,0.992,1,180,1522,956,17
908126,509,508,0.998,176,0,1673,1022,4
908126,448,445,0.994,188,120,1401,896,25
908126,342,338,0.988,151,36,1198,689,7
908126,608,551,0.907,509,60,2011,1270,67
908126,411,394,0.96,126,0,1366,830,25
216549,1200,1200,1,716,0,305,798,318
216549,784,784,1,720,0,173,782,344
216549,898,898,1,862,0,229,896,401
216549,988,988,1,1153,0,179,981,446
216549,616,616,1,717,0,122,614,276
216549,1280,1280,1,1266,0,303,1279,562
216549,3188,3188,1,1464,144,452,1615,737
216549,984,984,1,539,0,165,654,282
216549,1980,1980,1,1592,0,530,1387,557
216549,734,734,1,494,0,178,733,324
216549,1434,1434,1,957,0,155,958,440
216549,1524,1524,1,646,0,359,1015,422
216549,898,898,1,659,0,255,901,386
216549,680,680,1,1056,0,54,689,328
216549,1842,1842,1,2202,0,127,1309,588
216549,828,828,1,1008,0,106,828,390
232807,400,398,0.996,36,120,1339,1203,68
232807,388,388,1,63,108,1447,1161,38
232807,449,446,0.994,100,216,1729,1350,48
232807,491,491,1,78,120,1881,1466,38
232807,309,309,1,159,0,1246,923,22
232807,642,641,0.998,143,204,2429,1927,59
232807,795,786,0.989,851,0,3808,2396,77
232807,325,324,0.996,144,252,1127,984,62
232807,657,649,0.988,1032,120,2615,2015,101
232807,369,367,0.995,31,108,1355,1105,29
232807,476,473,0.995,181,192,1722,1436,63
232807,508,506,0.996,22,60,1752,1523,50
232807,448,445,0.994,48,60,1560,1346,41
232807,342,340,0.993,69,276,1375,1028,23
232807,609,600,0.986,623,516,2486,1886,87
232807,411,409,0.994,397,84,1616,1238,50
232813,400,400,1,550,0,1679,1607,71
232813,388,386,0.996,162,408,1743,1551,51
232813,449,446,0.994,162,552,1905,1807,106
232813,491,490,0.998,190,324,2215,1944,72
232813,309,308,0.995,315,0,1794,1231,51
232813,642,639,0.996,312,528,2722,2568,143
232813,795,786,0.989,3277,0,3907,3147,157
232813,325,323,0.995,1581,0,1446,1323,85
232813,657,650,0.989,248,1716,2907,2658,180
232813,369,368,0.996,578,0,1607,1475,67
232813,478,475,0.993,435,480,2010,1925,105
232813,508,506,0.996,1305,0,2178,2032,89
232813,448,446,0.996,168,336,1819,1794,88
232813,343,339,0.989,244,708,1512,1381,70
232813,609,600,0.986,1351,1080,2709,2489,150
232813,411,408,0.993,674,420,1885,1654,99
276485,800,800,1,397,0,376,800,312
276485,1173,1173,1,668,0,211,780,336
276485,900,900,1,838,0,223,898,390
276485,492,478,0.972,271,0,967,985,69
276485,614,614,1,576,0,67,612,291
276485,1920,1920,1,857,0,333,1278,554
276485,3176,3176,1,1286,0,508,1589,727
276485,656,656,1,324,24,237,654,279
276485,1310,1310,1,811,0,502,1370,578
276485,1104,1104,1,670,0,113,735,334
276485,948,948,1,768,0,179,950,430
276485,1524,1524,1,763,0,373,1016,404
276485,1344,1344,1,426,0,314,902,365
276485,338,283,0.839,96,0,638,680,48
276485,1214,1214,1,1534,0,62,1292,589
276485,828,828,1,574,0,125,826,392
483167,400,393,0.983,36,120,884,808,64
483167,392,387,0.986,67,120,857,798,43
483167,449,439,0.979,0,180,947,912,57
483167,494,491,0.993,63,180,1098,1016,50
483167,310,305,0.985,204,0,770,660,37
483167,640,590,0.922,112,240,1277,1306,139
483167,772,751,0.973,99,528,1906,1691,99
483167,325,319,0.981,144,144,767,704,56
483167,657,639,0.972,288,456,1724,1531,112
483167,369,346,0.937,1,168,795,750,58
483167,476,468,0.983,95,144,1045,961,54
483167,508,496,0.976,37,132,1088,1022,67
483167,447,436,0.975,73,120,946,897,57
483167,341,328,0.962,0,372,760,742,84
483167,611,589,0.964,131,624,1438,1389,121
483167,410,400,0.975,255,192,915,842,69
697531,168,168,1,57,24,553,504,27
697531,243,241,0.992,13,156,795,727,33
697531,124,124,1,75,0,496,374,10
697531,363,360,0.992,38,144,1234,1076,62
697531,224,220,0.983,73,72,794,668,26
697531,316,311,0.984,36,252,1042,948,66
697531,626,622,0.993,349,324,2729,1887,61
697531,118,110,0.936,84,156,352,360,47
697531,308,303,0.984,156,312,1213,956,46
697531,255,253,0.994,16,120,871,765,33
697531,114,113,0.987,13,48,398,344,17
697531,125,124,0.989,14,24,413,373,22
697531,111,111,0.999,34,24,384,333,9
697531,322,318,0.987,0,360,1110,968,65
697531,281,277,0.986,216,204,1164,887,45
697531,147,146,0.995,71,60,542,445,29
733288,111,108,0.977,68,0,307,222,8
733288,158,157,0.991,95,0,419,331,18
733288,192,189,0.982,106,0,491,384,14
733288,242,172,0.71,108,72,440,504,97
733288,211,207,0.983,10,72,481,430,13
733288,226,215,0.951,25,72,500,462,37
733288,584,417,0.714,413,48,1262,1200,112
733288,202,119,0.591,357,24,247,419,130
733288,503,292,0.58,363,192,906,1091,191
733288,159,102,0.639,192,48,205,324,104
733288,239,210,0.879,110,0,529,482,26
733288,150,146,0.975,17,24,369,300,13
733288,145,142,0.98,21,48,339,292,13
733288,270,127,0.47,504,120,288,557,201
733288,483,172,0.357,1296,24,196,1071,436
733288,290,217,0.748,392,48,555,586,65
804093,398,392,0.986,47,0,1057,799,36
804093,380,376,0.989,5,48,954,765,33
804093,447,433,0.968,0,84,1158,908,62
804093,486,478,0.984,4,72,1241,974,48
804093,307,301,0.98,13,24,819,645,46
804093,636,627,0.987,111,0,1649,1287,52
804093,772,761,0.986,851,0,2132,1681,83
804093,321,316,0.985,274,0,882,686,34
804093,636,614,0.966,52,180,1797,1407,120
804093,368,361,0.982,107,0,908,742,31
804093,469,464,0.99,9,60,1224,938,50
804093,507,500,0.985,40,0,1278,1015,64
804093,445,438,0.984,13,60,1114,891,65
804093,331,315,0.953,0,168,800,719,81
804093,588,563,0.958,114,120,1378,1260,125
804093,398,390,0.98,39,48,1050,800,45
804094,398,393,0.986,81,0,1114,797,35
804094,387,385,0.995,162,0,1027,773,24
804094,446,442,0.992,91,0,1199,892,45
804094,488,487,0.999,78,0,1384,971,31
804094,310,306,0.988,0,24,870,619,22
804094,635,630,0.991,1,72,1605,1272,58
804094,791,780,0.986,885,0,2157,1540,72
804094,321,319,0.995,66,0,994,647,26
804094,645,633,0.981,135,0,1913,1289,53
804094,369,367,0.993,123,0,1063,737,22
804094,473,469,0.991,18,60,1234,949,52
804094,507,501,0.988,110,0,1234,1014,55
804094,446,441,0.989,89,0,1056,892,54
804094,332,326,0.981,0,108,918,664,35
804094,595,584,0.982,43,108,1544,1194,70
804094,401,397,0.991,385,0,1161,805,31
827731,399,397,0.995,98,288,1412,1211,57
827731,388,386,0.996,490,144,1533,1173,66
827731,448,445,0.993,649,168,1765,1372,71
827731,491,488,0.994,196,300,2044,1474,61
827731,309,304,0.984,229,264,1378,941,45
827731,640,632,0.988,586,204,2399,1932,99
827731,754,743,0.986,3596,0,3709,2341,114
827731,320,312,0.976,803,0,1216,1000,65
827731,655,631,0.964,464,1836,2571,2127,182
827731,369,361,0.978,174,264,1355,1109,62
827731,476,469,0.985,233,468,1654,1449,94
827731,507,501,0.988,3,252,1755,1526,77
827731,449,446,0.994,158,192,1621,1353,48
827731,343,334,0.973,616,240,1310,1045,66
827731,607,593,0.977,1084,1224,2432,1962,160
827731,409,400,0.978,596,540,1603,1273,88
892053,398,383,0.963,1510,0,1047,821,61
892053,387,374,0.968,120,300,1104,791,65
892053,447,426,0.953,425,84,1226,918,73
892053,489,472,0.965,375,132,1513,999,71
892053,309,302,0.976,276,0,807,626,45
892053,635,599,0.943,207,576,1616,1307,155
892053,791,749,0.946,2097,0,2515,1665,139
892053,317,303,0.957,867,0,965,679,55
892053,646,620,0.96,1098,108,2027,1499,114
892053,349,333,0.953,143,192,850,717,64
892053,472,449,0.951,550,120,1263,1001,94
892053,506,485,0.958,129,168,1322,1041,96
892053,448,431,0.962,296,168,1062,916,83
892053,333,313,0.941,344,120,1003,690,53
892053,595,567,0.953,2995,0,1840,1514,155
892053,402,384,0.955,566,48,1137,852,81
902855,399,396,0.992,177,0,1670,808,14
902855,387,382,0.987,202,0,1695,788,21
902855,449,446,0.994,180,0,1837,898,17
902855,490,489,0.998,140,0,2098,1020,11
902855,310,309,0.995,227,0,1858,628,9
902855,636,635,0.998,186,0,2583,1286,29
902855,770,765,0.994,569,0,3918,1570,19
902855,320,317,0.992,206,0,1696,654,12
902855,649,647,0.996,598,0,3993,1386,10
902855,369,367,0.995,203,0,1672,742,15
902855,474,472,0.996,339,0,2270,959,17
902855,508,504,0.991,163,0,1967,1020,20
902855,447,444,0.994,171,0,1693,896,18
902855,341,340,0.996,316,0,2037,690,11
902855,606,603,0.995,876,0,3104,1313,19
902855,409,407,0.995,544,0,2374,836,15
902856,382,378,0.991,22,24,849,483,24
902856,371,355,0.956,36,24,782,520,45
902856,422,395,0.935,43,24,887,488,31
902856,476,442,0.929,100,0,1017,670,69
902856,278,272,0.979,18,24,691,371,20
902856,614,571,0.93,108,132,1219,791,87
902856,757,710,0.937,19,132,1927,1041,39
902856,269,245,0.91,46,36,513,311,49
902856,546,501,0.917,6,96,1332,692,52
902856,354,332,0.937,72,24,714,485,66
902856,440,424,0.963,28,36,883,500,30
902856,483,475,0.984,26,0,975,559,22
902856,433,426,0.984,15,24,894,490,18
902856,321,313,0.976,0,48,799,394,20
902856,538,453,0.842,288,72,1038,643,135
902856,368,356,0.967,54,0,819,415,11
902857,398,392,0.986,88,0,1232,806,30
902857,381,372,0.976,12,84,1163,778,52
902857,444,435,0.98,0,72,1341,888,42
902857,484,479,0.99,20,60,1499,1008,45
902857,293,291,0.994,1,36,1033,594,15
902857,632,628,0.993,46,48,1835,1278,47
902857,742,696,0.937,0,288,2225,1514,159
902857,305,286,0.938,0,120,893,624,57
902857,611,604,0.989,0,120,2217,1308,46
902857,360,356,0.988,29,12,1145,724,33
902857,459,439,0.957,37,84,1345,929,80
902857,507,497,0.98,2,48,1487,1020,51
902857,447,441,0.987,32,36,1374,896,33
902857,330,317,0.96,0,108,942,668,48
902857,583,575,0.986,615,0,1846,1266,53
902857,388,383,0.986,211,0,1184,794,30
912489,379,370,0.976,0,60,1205,770,42
912489,369,360,0.977,0,72,1259,754,44
912489,421,404,0.959,0,108,1366,842,72
912489,474,466,0.984,9,72,1701,988,35
912489,277,262,0.946,0,84,1021,564,44
912489,611,584,0.955,0,132,1977,1238,80
912489,740,679,0.917,0,276,2398,1508,166
912489,269,261,0.969,0,60,984,552,33
912489,545,529,0.971,0,108,2072,1172,64
912489,354,337,0.953,0,84,1089,712,59
912489,436,421,0.966,0,108,1414,884,69
912489,471,467,0.991,16,24,1530,946,44
912489,426,417,0.978,0,72,1386,854,48
912489,320,294,0.92,0,120,1109,648,62
912489,533,503,0.944,0,180,1780,1166,95
912489,357,328,0.919,0,132,1195,728,73
912490,380,379,0.997,81,0,1475,770,7
912490,370,368,0.995,19,24,1519,754,25
912490,420,417,0.994,36,0,1751,840,21
912490,474,472,0.996,13,72,1869,988,27
912490,278,277,0.997,160,0,1482,564,10
912490,612,609,0.996,32,24,2241,1238,31
912490,763,761,0.998,212,0,3661,1552,23
912490,270,270,0.999,89,0,1469,554,6
912490,545,545,1,309,0,3387,1172,16
912490,354,353,0.998,107,0,1480,712,5
912490,436,434,0.995,74,0,2025,883,22
912490,471,470,0.998,200,0,1633,946,26
912490,426,425,0.998,61,0,1530,854,13
912490,320,320,0.999,61,0,1926,648,8
912490,534,533,0.999,332,0,3601,1166,15
912490,358,357,0.998,24,24,2234,728,14
930987,368,368,0.999,214,0,934,746,19
930987,358,357,0.998,35,36,901,730,20
930987,398,393,0.986,332,0,1040,796,29
930987,463,459,0.99,71,72,1252,967,31
930987,255,252,0.989,52,24,643,519,19
930987,604,601,0.995,729,0,1582,1224,39
930987,744,734,0.986,920,0,2495,1527,56
930987,248,247,0.995,269,0,775,510,19
930987,509,504,0.99,368,0,1489,1101,55
930987,345,340,0.986,118,0,790,694,29
930987,435,430,0.989,33,72,1166,881,30
930987,463,459,0.992,151,0,1187,930,38
930987,423,417,0.986,105,0,991,848,30
930987,320,316,0.987,690,0,833,649,34
930987,539,527,0.977,1261,0,1565,1177,62
930987,359,356,0.991,377,0,1068,731,23
952371,399,395,0.99,388,0,1093,798,30
952371,388,385,0.992,133,0,1089,774,40
952371,448,445,0.993,302,0,1339,896,35
952371,486,482,0.992,320,0,1359,968,53
952371,309,308,0.995,271,0,1015,616,15
952371,640,636,0.994,681,0,1793,1279,57
952371,783,770,0.984,1472,0,2773,1534,67
952371,325,319,0.983,559,0,1014,654,37
952371,657,651,0.992,1405,0,2714,1313,38
952371,369,366,0.991,449,0,1119,738,20
952371,475,474,0.997,479,0,1460,950,23
952371,508,505,0.995,284,0,1406,1015,34
952371,446,443,0.992,323,0,1135,892,49
952371,341,333,0.976,252,0,1305,681,16
952371,607,604,0.996,1128,0,2104,1216,40
952371,409,407,0.996,649,0,1448,823,20
952401,400,333,0.832,1533,0,775,806,169
952401,388,382,0.985,108,162,1070,783,63
952401,449,335,0.746,1046,0,878,904,241
952401,490,485,0.99,116,108,1446,987,78
952401,306,302,0.987,146,18,1089,621,34
952401,641,627,0.978,1277,0,1828,1298,97
952401,791,761,0.962,418,144,2765,1614,138
952401,324,204,0.631,886,0,521,659,204
952401,653,631,0.966,135,558,2241,1386,99
952401,366,360,0.983,194,0,1188,746,47
952401,477,325,0.682,918,0,825,959,266
952401,508,394,0.775,1089,0,874,1021,256
952401,448,442,0.986,3211,0,1344,902,59
952401,333,317,0.952,0,360,855,673,93
952401,602,587,0.974,751,144,1936,1329,117
952401,408,402,0.986,323,144,2052,843,61
952402,366,289,0.791,489,0,620,733,176
952402,360,338,0.94,47,120,752,718,73
952402,408,274,0.672,0,576,616,822,242
952402,477,463,0.97,101,72,1810,949,104
952402,299,281,0.941,15,180,780,600,61
952402,598,584,0.977,1162,0,1536,1199,93
952402,784,636,0.812,0,948,1528,1580,345
952402,308,201,0.651,358,108,445,620,190
952402,622,585,0.941,0,636,1331,1281,171
952402,356,349,0.981,95,72,930,718,62
952402,449,272,0.607,36,576,465,907,312
952402,453,362,0.8,314,0,720,906,227
952402,403,396,0.983,2741,0,1108,811,51
952402,339,197,0.582,444,132,397,680,232
952402,567,498,0.878,0,768,933,1184,252
952402,373,354,0.948,142,204,722,753,119
952405,398,397,0.997,115,0,1204,806,23
952405,385,384,0.998,53,0,1209,788,20
952405,444,444,0.999,203,0,1506,888,27
952405,486,486,0.999,112,0,1675,1011,34
952405,309,309,1,175,0,1244,626,8
952405,632,630,0.997,358,0,2146,1278,33
952405,790,785,0.994,994,0,3136,1608,45
952405,322,321,0.998,596,0,1214,658,19
952405,651,648,0.995,1043,0,3027,1358,32
952405,369,367,0.994,284,0,1380,742,15
952405,472,470,0.996,508,0,1758,955,24
952405,505,503,0.997,143,0,1616,1014,31
952405,444,444,0.999,161,0,1373,888,26
952405,339,338,0.996,376,0,1445,684,18
952405,603,601,0.997,1175,0,2661,1264,20
952405,405,404,0.997,476,0,1592,822,18
952407,232,153,0.661,300,24,287,800,293
952407,373,138,0.37,498,60,91,774,364
952407,449,332,0.739,0,216,728,898,213
952407,388,161,0.416,848,0,214,980,406
952407,138,97,0.701,145,0,234,618,221
952407,110,51,0.465,731,840,84,1286,619
952407,332,155,0.467,0,1212,290,1586,712
952407,228,107,0.47,0,732,145,658,286
952407,137,67,0.491,972,24,172,1316,616
952407,209,173,0.828,0,636,353,701,184
952407,220,95,0.434,826,372,123,960,438
952407,347,245,0.705,408,0,482,1013,307
952407,412,246,0.596,390,108,415,899,305
952407,231,86,0.374,0,456,131,686,299
952407,98,33,0.34,1296,0,46,1221,598
952407,112,63,0.564,900,0,117,825,404
952447,368,367,0.997,310,0,1135,736,38
952447,363,361,0.993,25,60,976,724,39
952447,408,402,0.985,719,0,1175,817,41
952447,483,480,0.993,163,0,1488,960,43
952447,303,301,0.994,395,0,1081,603,23
952447,615,606,0.985,480,0,1776,1227,66
952447,783,774,0.988,1467,0,2718,1578,63
952447,305,302,0.99,745,0,928,615,39
952447,620,611,0.986,2205,0,2217,1280,77
952447,358,351,0.981,561,0,1293,716,34
952447,451,448,0.994,702,0,1445,907,33
952447,454,451,0.994,286,0,1320,907,39
952447,406,404,0.995,246,0,1156,814,38
952447,339,337,0.995,738,0,1132,681,24
952447,564,558,0.989,2651,0,2215,1173,51
952447,373,369,0.99,851,0,1258,753,33
952449,400,396,0.99,26,48,976,800,39
952449,387,384,0.993,25,72,929,772,37
952449,449,439,0.977,125,0,859,898,110
952449,491,485,0.988,59,60,1072,979,106
952449,310,309,0.998,59,0,775,618,26
952449,642,629,0.979,26,108,1396,1283,103
952449,770,753,0.978,454,0,1833,1523,122
952449,325,317,0.974,133,0,676,654,63
952449,657,645,0.982,148,24,1685,1313,94
952449,369,361,0.978,1,72,874,737,54
952449,476,408,0.857,108,84,808,954,158
952449,509,502,0.986,4,48,1094,1017,85
952449,448,425,0.949,0,156,892,896,123
952449,342,335,0.981,63,108,794,685,69
952449,608,597,0.983,78,108,1160,1220,129
952449,410,402,0.981,60,72,926,823,80
973893,400,392,0.98,68,0,788,426,15
973893,387,384,0.992,95,36,771,404,3
973893,449,443,0.986,74,0,958,497,8
973893,488,478,0.979,95,0,941,528,16
973893,310,303,0.979,64,0,606,327,8
973893,641,625,0.975,58,0,1357,679,27
973893,781,761,0.974,0,276,1898,986,55
973893,328,328,1,744,0,48,357,298
973893,653,642,0.984,88,36,1451,727,16
973893,368,362,0.983,50,0,758,379,9
973893,475,465,0.979,84,0,945,526,13
973893,508,500,0.984,78,0,1005,546,16
973893,448,437,0.974,76,0,834,466,16
973893,339,331,0.978,62,0,794,356,8
973893,608,596,0.98,199,36,1205,701,19
973893,411,406,0.987,105,24,812,453,8
199060,324,314,0.97,63,264,1142,716,65
199060,349,348,0.996,380,0,1432,725,22
199060,307,303,0.986,1033,0,2083,717,24
199060,121,109,0.9,0,108,392,265,31
199060,688,565,0.822,0,960,2464,1781,306
199060,150,148,0.984,1150,0,1169,403,12
199060,366,365,0.998,107,0,1898,802,19
199060,288,287,0.995,0,240,1823,692,22
199060,335,329,0.982,1890,0,1335,775,38
199060,101,101,0.996,801,0,750,245,6
199060,86,85,0.983,688,0,463,182,9
199080,313,309,0.988,593,0,1266,719,18
199080,330,329,0.997,137,0,1221,680,7
199080,303,302,0.995,2145,0,2881,689,12
199080,107,107,0.999,13,96,424,232,1
199080,691,639,0.924,5,240,3290,1661,83
199080,148,148,0.998,1786,0,1224,389,6
199080,365,361,0.989,2224,0,2175,803,26
199080,283,282,0.996,402,0,1969,783,13
199080,333,331,0.993,603,0,1952,761,16
199080,102,102,1,1342,0,967,241,1
199080,84,84,1,366,0,650,171,2
199279,387,386,0.998,240,0,1429,812,23
199279,488,486,0.996,457,0,1952,995,16
199279,310,305,0.985,565,0,1650,688,22
199279,1064,1057,0.994,2221,0,5048,2193,29
199279,755,749,0.991,1356,0,3497,1710,56
199279,651,644,0.989,2707,0,3715,1593,42
199279,368,367,0.996,896,0,1489,773,20
199279,1649,1636,0.992,1095,0,7009,3433,91
199279,343,340,0.991,792,0,1507,785,23
199279,594,584,0.983,2790,0,3113,1405,45
199279,875,869,0.993,1719,0,4392,1809,30
199296,390,388,0.995,65,0,1409,799,13
199296,491,488,0.994,141,0,1939,993,14
199296,310,310,0.999,816,0,2041,680,6
199296,1065,1058,0.994,1459,0,5342,2173,23
199296,765,755,0.987,254,0,3580,1713,53
199296,651,646,0.992,1594,0,3999,1561,38
199296,369,368,0.997,485,0,1786,761,13
199296,1651,1641,0.994,2120,0,7440,3387,48
199296,343,340,0.99,735,0,1559,747,14
199296,596,591,0.992,3535,0,3718,1399,19
199296,875,872,0.996,1273,0,4500,1813,18
256229,1500,1500,1,0,0,5641,904,79
256229,1413,1413,1,0,0,4651,991,134
256229,1200,1200,1,0,0,4898,731,54
256229,4176,4176,1,0,0,25207,2490,123
256229,2118,2118,1,0,0,3956,1602,321
256229,2460,2460,1,0,0,9708,1539,165
256229,1428,1428,1,0,0,6116,877,70
256229,6508,6508,1,0,0,29958,3856,124
256229,1016,1016,1,0,0,3972,627,52
256229,2336,2336,1,0,0,10165,2064,148
256229,3420,3420,1,0,0,15215,2038,114
350688,1476,1476,1,24,0,8035,817,113
350688,1422,1422,1,0,0,3387,965,147
350688,1208,1208,1,0,0,3078,678,90
350688,4160,4160,1,1153,0,25362,2221,23
350688,2800,2800,1,0,0,5638,1632,246
350688,2396,2396,1,0,0,7091,1334,125
350688,1404,1404,1,0,0,2686,763,103
350688,6492,6492,1,0,0,22318,3463,263
350688,1016,1016,1,0,0,2649,537,64
350688,2228,2228,1,0,0,7660,1379,111
350688,3416,3416,1,0,0,12821,1957,121
401541,201,199,0.989,0,216,661,412,10
401541,178,176,0.986,342,0,624,362,7
401541,290,290,0.999,1028,0,1340,633,10
401541,116,116,1,490,0,252,117,0
401541,678,671,0.989,5142,0,2807,1511,35
401541,136,136,1,3384,0,250,83,3
401541,339,338,0.998,1077,0,1502,705,12
401541,192,191,0.997,179,0,928,408,4
401541,167,167,1,79,0,723,352,0
401541,52,52,1,1671,0,239,59,0
401541,60,60,1,679,0,201,60,1
442893,389,385,0.99,684,0,1507,876,33
442893,487,483,0.991,564,0,2224,1038,13
442893,310,308,0.994,762,0,1717,722,17
442893,1061,1052,0.992,1541,0,3612,2207,46
442893,756,723,0.957,0,492,2912,1851,149
442893,653,649,0.993,2254,0,3455,1923,60
442893,370,368,0.995,855,0,1908,815,18
442893,1630,1613,0.989,1868,0,5615,3499,115
442893,341,338,0.991,180,0,1692,867,22
442893,598,591,0.989,1376,0,3092,1644,47
442893,868,860,0.99,700,0,3231,1929,52
689603,202,202,0.998,0,48,495,419,28
689603,175,159,0.909,156,0,441,372,62
689603,286,285,0.997,958,0,1133,628,21
689603,116,116,1,828,0,209,119,2
689603,671,668,0.996,3837,0,2136,1501,64
689603,136,136,1,408,0,203,93,3
689603,357,355,0.994,3160,0,1129,736,21
689603,191,191,0.998,1466,0,569,391,10
689603,168,165,0.98,163,0,500,373,13
689603,104,104,1,21,0,104,64,4
689603,120,120,1,152,0,107,61,1
727120,387,386,0.999,176,0,1170,799,8
727120,488,486,0.995,338,0,1498,990,11
727120,310,304,0.98,17,96,981,667,43
727120,1059,1046,0.988,2025,0,2955,2152,36
727120,753,729,0.968,0,240,2612,1620,149
727120,633,595,0.94,10,204,2010,1406,107
727120,369,360,0.976,68,96,1002,755,41
727120,1638,1633,0.997,967,0,4880,3330,52
727120,340,337,0.992,0,96,1516,796,24
727120,587,565,0.963,0,156,1970,1256,100
727120,867,853,0.984,0,144,2470,1739,46
727121,387,386,0.997,624,0,1443,796,13
727121,488,485,0.994,105,0,1770,995,13
727121,310,310,0.999,121,0,1325,643,15
727121,1064,1062,0.998,553,0,4048,2152,18
727121,762,759,0.996,437,0,3278,1624,27
727121,651,647,0.993,1587,0,3318,1463,29
727121,369,365,0.99,55,0,1394,757,18
727121,1649,1644,0.997,794,0,6410,3349,40
727121,342,339,0.99,311,0,1607,724,10
727121,593,590,0.995,1306,0,3612,1293,20
727121,876,874,0.997,444,0,3628,1808,12
729842,1,1,1,0,0,0,2,1
729842,20,20,1,0,0,16,48,16
729844,310,309,0.997,84,0,1245,645,10
729844,325,315,0.968,96,0,1296,671,45
729844,307,306,0.996,6,96,1864,675,10
729844,120,120,1,29,0,213,123,2
729844,675,639,0.947,0,456,3467,1532,132
729844,188,188,1,375,0,200,116,5
729844,367,345,0.94,47,204,1371,773,71
729844,218,217,0.995,98,0,1074,455,9
729844,313,301,0.962,0,144,1852,717,38
729844,84,84,1,1060,0,133,65,0
729844,96,96,1,83,0,129,64,1
828278,321,319,0.992,260,0,1025,679,37
828278,347,344,0.99,302,0,1208,717,24
828278,308,304,0.986,168,0,1201,692,25
828278,148,148,1,1319,0,263,152,3
828278,675,666,0.987,622,0,3051,1543,72
828278,192,192,1,672,0,293,117,2
828278,367,365,0.995,235,0,1342,779,22
828278,223,221,0.989,647,0,877,460,13
828278,315,314,0.995,454,0,1320,721,13
828278,56,56,1,811,0,152,64,1
828278,102,102,1,673,0,134,68,1
866765,770,770,1,0,0,254,766,313
866765,948,948,1,0,0,379,946,363
866765,614,614,1,0,0,276,614,241
866765,2080,2080,1,0,0,988,2068,770
866765,1478,1478,1,0,0,510,1472,589
866765,1890,1890,1,0,0,683,1262,427
866765,726,726,1,0,0,282,726,285
866765,3162,3162,1,0,0,1182,3152,1236
866765,676,676,1,0,0,286,674,260
866765,1656,1656,1,0,0,525,1100,430
866765,1716,1716,1,0,0,727,1710,686
868483,1119,1119,1,0,0,2628,821,160
868483,1410,1410,1,0,0,2347,961,221
868483,1192,1192,1,0,0,2917,694,83
868483,4164,4164,1,0,0,13481,2243,279
868483,2784,2784,1,0,0,2203,1462,398
868483,2396,2396,1,0,0,5161,1426,188
868483,1408,1408,1,0,0,2072,802,135
868483,6468,6468,1,0,0,16060,3501,405
868483,756,756,1,0,0,1432,520,101
868483,2216,2216,1,0,0,4056,1308,220
868483,3412,3412,1,0,0,7144,1874,236
868485,1484,1484,1,0,0,3346,760,118
868485,1410,1410,1,0,0,3239,942,172
868485,1196,1196,1,0,0,3424,705,76
868485,4136,4136,1,0,0,12119,2115,275
868485,2804,2804,1,39,0,2554,1423,391
868485,2388,2388,1,0,0,4593,1289,182
868485,1424,1424,1,0,0,2459,822,120
868485,6484,6484,1,0,0,16775,3416,382
868485,1008,1008,1,0,0,2049,539,68
868485,2192,2192,1,0,0,5479,1236,166
868485,3384,3384,1,0,0,7686,1783,232
899756,321,319,0.993,0,60,959,667,18
899756,346,334,0.966,1,96,1200,712,53
899756,304,303,0.998,285,0,2062,668,10
899756,148,148,1,823,0,232,151,0
899756,732,720,0.983,98,216,3719,1698,43
899756,264,264,1,306,0,311,160,5
899756,345,343,0.995,118,0,1339,701,12
899756,222,219,0.986,107,0,1017,455,10
899756,315,311,0.988,0,96,1571,720,27
899756,272,272,1,907,0,342,161,5
899756,102,102,1,4,0,110,69,1
899760,319,317,0.994,0,96,929,666,27
899760,349,348,0.998,168,0,1054,717,6
899760,308,299,0.972,166,0,1129,686,50
899760,148,148,1,0,0,238,151,2
899760,770,768,0.997,147,60,2939,1759,52
899760,264,264,1,0,0,235,163,24
899760,347,347,1,147,0,1102,719,11
899760,223,223,0.999,494,0,824,463,4
899760,315,314,0.996,903,0,1134,721,7
899760,204,204,1,117,0,307,158,3
899760,68,68,1,81,0,100,68,4
938359,388,387,0.997,2468,0,3360,1471,33
938359,488,487,0.998,789,0,4465,1781,25
938359,310,307,0.992,593,0,2539,1187,45
938359,1063,1062,0.999,16683,0,7782,3882,96
938359,781,775,0.992,4819,0,5432,2942,89
938359,650,645,0.993,7465,0,4933,2350,71
938359,348,348,0.999,3649,0,2072,1340,35
938359,1650,1646,0.998,3610,0,16855,6409,118
938359,342,340,0.995,2748,0,2195,1151,22
938359,596,594,0.996,9728,0,5420,2029,38
938359,875,868,0.992,8482,0,5041,1786,21
938360,310,289,0.932,0,192,782,642,43
938360,326,292,0.894,95,204,703,675,84
938360,303,299,0.986,514,0,923,666,36
938360,120,120,1,0,0,110,123,25
938360,704,694,0.986,3174,0,2399,1642,83
938360,252,252,1,0,0,77,156,49
938360,345,343,0.995,338,0,1023,712,21
938360,217,138,0.635,608,0,327,442,135
938360,313,308,0.983,285,0,1029,723,28
938360,272,272,1,0,0,107,163,50
938360,128,128,1,0,0,49,68,19
950389,310,308,0.994,53,204,1531,736,21
950389,327,325,0.994,0,96,1564,688,19
950389,307,305,0.993,764,0,3055,801,10
950389,118,118,1,935,0,254,122,3
950389,705,675,0.957,0,780,4083,2103,150
950389,252,252,1,3648,0,452,159,5
950389,347,346,0.998,1219,0,3010,786,9
950389,218,217,0.996,278,0,1671,501,7
950389,313,311,0.995,1519,0,1799,739,13
950389,272,272,1,445,0,763,173,0
950389,96,96,1,0,0,212,64,2
950398,388,386,0.995,1168,0,2216,868,13
950398,486,467,0.96,4,192,1873,1033,60
950398,310,309,0.997,1390,0,2604,741,8
950398,1063,1052,0.989,1742,0,5026,2240,39
950398,718,712,0.991,1130,0,7361,1890,34
950398,646,628,0.973,1320,0,3753,1735,69
950398,349,349,0.999,1692,0,4024,751,2
950398,1646,1631,0.991,1134,0,10307,3538,55
950398,342,341,0.997,2140,0,3573,804,7
950398,591,585,0.99,103,0,6127,1542,29
950398,873,862,0.988,146,0,4966,1844,32
950399,308,254,0.826,0,432,895,726,122
950399,328,280,0.855,96,156,711,680,128
950399,307,303,0.988,781,0,1524,764,27
950399,180,180,1,0,0,52,123,47
950399,712,697,0.979,2344,0,4166,2009,84
950399,252,252,1,0,0,232,163,30
950399,347,344,0.991,1128,0,2695,800,23
950399,218,212,0.974,282,0,1270,471,22
950399,313,212,0.676,0,408,552,729,197
950399,272,272,1,0,0,185,161,45
950399,128,128,1,0,0,115,67,15
950400,310,298,0.961,94,96,886,730,41
950400,329,327,0.994,24,96,1261,683,8
950400,307,306,0.998,1565,0,2448,732,9
950400,180,180,1,0,0,134,124,27
950400,704,695,0.987,2540,0,4286,1881,56
950400,252,252,1,0,0,202,152,33
950400,347,346,0.998,2165,0,2835,770,3
950400,218,215,0.987,164,0,1322,463,15
950400,313,305,0.975,0,264,2065,725,41
950400,272,272,1,0,0,242,176,34
950400,96,96,1,0,0,68,67,11
958238,309,308,0.996,240,0,2676,666,6
958238,315,314,0.995,228,0,2617,657,8
958238,34,34,1,0,0,58,35,8
958238,240,240,1,72,0,639,126,1
958238,192,192,1,0,0,243,191,26
958238,252,252,1,1788,0,688,227,3
958238,30,30,1,0,0,56,22,3
958238,165,163,0.988,1140,0,1490,376,5
958238,312,283,0.906,288,432,2134,730,67
958238,272,272,1,0,0,355,297,35
958238,128,128,1,2052,0,269,83,2
958239,310,309,0.998,612,0,2736,669,6
958239,315,314,0.997,204,0,2701,656,5
958239,51,51,1,0,0,66,35,10
958239,240,240,1,34,0,556,135,3
958239,224,224,1,0,0,320,222,23
958239,252,252,1,2292,0,643,212,4
958239,30,30,1,0,0,23,22,5
958239,165,163,0.99,2364,0,1332,399,6
958239,313,274,0.877,288,720,2367,742,70
958239,272,272,1,252,0,939,321,7
958239,128,128,1,0,0,303,73,2
958240,306,306,1,0,0,85,610,289
958240,314,314,1,0,0,81,629,294
958240,16,16,1,0,0,3,32,15
958240,60,60,1,0,0,10,116,55
958240,54,54,1,0,0,3,118,53
958240,62,62,1,0,0,5,124,61
958240,9,9,1,0,0,4,18,7
958240,162,162,1,0,0,60,324,147
958240,309,309,1,0,0,88,618,294
958240,68,68,1,0,0,2,134,67
958240,32,32,1,0,0,19,60,28
958241,307,306,0.996,820,0,818,642,12
958241,315,311,0.987,0,96,749,643,29
958241,34,34,1,0,0,29,35,7
958241,120,120,1,85,0,154,123,2
958241,192,192,1,0,0,173,132,19
958241,252,252,1,0,0,185,152,23
958241,30,30,1,60,0,26,22,1
958241,165,164,0.993,330,0,485,338,8
958241,313,282,0.901,0,480,714,716,84
958241,204,204,1,0,0,225,155,21
958241,128,128,1,83,0,115,65,0
958242,307,306,0.997,790,0,768,638,13
958242,314,305,0.97,0,96,723,643,40
958242,34,34,1,60,0,63,35,1
958242,120,120,1,86,0,139,123,0
958242,168,168,1,0,0,221,155,15
958242,189,189,1,162,0,279,151,0
958242,20,20,1,110,0,27,22,1
958242,165,162,0.984,89,0,525,337,8
958242,311,279,0.897,0,288,710,716,106
958242,272,272,1,59,0,265,156,3
958242,64,64,1,176,0,87,64,3
973911,357,194,0.545,0,0,756,2170,295
973911,284,151,0.531,0,0,338,2778,457
973911,292,218,0.746,6,0,1458,1748,172
973911,914,534,0.584,0,0,2054,5630,825
973911,713,636,0.892,0,0,4380,4300,375
973911,457,450,0.986,3855,0,4152,2742,74
973911,360,320,0.89,0,0,3021,2158,145
973911,1452,921,0.635,0,0,4786,8749,1125
973911,321,259,0.807,0,0,2153,1935,164
973911,461,371,0.805,0,0,2168,2785,303
973911,723,471,0.651,0,0,2383,4373,572
110973,1203,1203,1,0,1296,172,821,349
110973,1182,1182,1,0,1440,121,795,358
110973,1350,1350,1,0,2880,205,942,404
110973,1488,1488,1,0,2160,140,1002,457
110973,620,620,1,0,1728,120,625,287
110973,1950,1950,1,0,4320,245,1336,583
110973,2403,2403,1,0,5760,158,1867,755
110973,656,656,1,0,2160,60,732,312
110973,2648,2648,1,0,5040,306,1474,598
110973,1110,1110,1,0,2880,111,767,335
110973,1437,1437,1,0,2160,203,1037,437
110973,1527,1527,1,0,2160,173,1036,464
110973,1353,1353,1,0,1728,169,925,401
110973,690,690,1,0,2880,98,725,318
110973,1240,1240,1,0,5040,139,1542,586
110973,1242,1242,1,0,3888,95,862,387
457273,400,396,0.99,0,228,983,815,21
457273,387,379,0.979,0,276,911,797,74
457273,449,448,0.997,165,48,1061,919,32
457273,491,491,0.999,494,0,1247,1003,28
457273,310,309,0.998,120,144,879,675,22
457273,640,637,0.995,280,72,1572,1311,37
457273,794,788,0.993,375,504,2186,1845,88
457273,325,321,0.988,92,264,907,719,48
457273,656,646,0.984,32,564,1728,1544,81
457273,370,369,0.998,153,132,941,764,22
457273,478,470,0.983,0,396,1164,958,35
457273,508,504,0.993,109,264,1214,1023,37
457273,449,447,0.995,298,36,1084,900,19
457273,342,342,0.999,215,120,898,779,29
457273,610,601,0.985,0,1056,1528,1371,101
457273,411,411,1,143,396,996,832,23
973866,383,372,0.971,416,192,1163,854,73
973866,347,341,0.984,633,0,1552,945,57
973866,447,441,0.986,613,48,2184,1090,47
973866,425,379,0.893,1393,0,2066,1057,87
973866,254,248,0.975,1253,0,891,624,37
973866,626,599,0.957,1014,192,1838,1381,152
973866,776,737,0.95,3117,0,2309,2419,262
973866,323,314,0.973,1599,0,2914,1024,44
973866,646,612,0.947,2850,0,5352,2128,84
973866,307,292,0.95,908,0,908,717,67
973866,476,463,0.973,1291,0,2100,1182,99
973866,503,482,0.958,449,144,1381,1101,130
973866,442,431,0.975,182,288,1247,950,94
973866,336,316,0.941,891,0,2126,884,48
973866,609,586,0.962,2939,0,1740,1742,176
973866,408,395,0.968,1371,0,2769,1175,45
999532,400,399,0.998,892,432,1344,999,30
999532,392,388,0.989,1247,0,1323,971,36
999532,449,444,0.989,661,432,1548,1120,38
999532,495,490,0.99,682,864,1617,1182,51
999532,310,308,0.994,1282,0,1189,809,20
999532,641,633,0.987,2987,432,2007,1557,69
999532,794,784,0.987,3391,1728,3529,2955,121
999532,325,284,0.874,1065,432,763,902,150
999532,657,648,0.987,3065,1728,2423,1792,68
999532,370,368,0.995,2004,0,1497,1044,38
999532,478,472,0.988,54,1728,1764,1277,51
999532,508,506,0.996,1164,432,1840,1336,42
999532,450,446,0.992,1278,0,1589,1124,43
999532,344,341,0.992,1481,864,1335,998,32
999532,611,608,0.995,5031,0,2906,2127,80
999532,411,384,0.934,964,432,1336,971,34
225490,400,382,0.956,300,96,1142,811,48
225490,387,373,0.965,95,264,1268,787,22
225490,449,421,0.938,0,888,1276,911,76
225490,490,469,0.957,451,288,1448,1017,66
225490,310,306,0.986,363,276,1136,642,24
225490,639,618,0.967,103,612,1732,1297,93
225490,795,779,0.979,128,2328,3731,1789,47
225490,325,321,0.987,84,888,1565,784,21
225490,656,624,0.951,123,2328,2444,1511,85
225490,369,348,0.944,324,192,1044,741,52
225490,477,474,0.994,259,324,1842,1084,15
225490,508,478,0.94,480,144,1357,1022,102
225490,449,438,0.975,331,120,1131,900,55
225490,343,338,0.986,0,888,1342,736,27
225490,608,593,0.975,0,984,2122,1287,36
225490,411,401,0.975,382,240,1447,848,28
226373,396,368,0.929,336,120,961,798,79
226373,387,377,0.974,0,264,1212,789,23
226373,435,415,0.954,0,912,1174,880,91
226373,489,467,0.955,343,348,1373,1007,81
226373,305,301,0.987,314,360,1104,632,31
226373,634,579,0.914,201,816,1520,1284,153
226373,775,751,0.969,0,1428,3035,1606,38
226373,316,297,0.939,72,408,875,645,56
226373,643,562,0.874,156,1356,1945,1362,193
226373,366,337,0.922,384,396,896,738,87
226373,471,452,0.959,268,396,1305,961,72
226373,502,473,0.943,420,132,1232,1008,107
226373,447,421,0.942,378,108,1105,899,92
226373,342,333,0.975,22,684,1197,711,35
226373,604,578,0.958,0,816,1889,1265,76
226373,410,384,0.936,335,420,1192,836,61
313666,400,376,0.94,312,108,1005,807,72
313666,387,378,0.976,72,240,1345,792,14
313666,449,432,0.962,12,624,1266,905,49
313666,489,459,0.938,380,396,1357,1018,96
313666,310,307,0.99,408,204,1089,638,25
313666,638,617,0.967,130,468,1754,1292,90
313666,794,784,0.987,111,1644,3690,1727,30
313666,325,320,0.984,322,300,1369,705,16
313666,656,602,0.918,351,1308,2097,1488,135
313666,369,365,0.989,324,72,1171,743,28
313666,477,477,0.999,228,228,1794,1029,14
313666,508,485,0.954,420,144,1374,1021,79
313666,449,440,0.981,250,84,1225,900,47
313666,343,338,0.984,3,648,1416,714,19
313666,608,600,0.986,0,444,2333,1376,25
313666,411,398,0.969,243,252,1446,844,25
313667,399,384,0.962,216,84,1139,806,37
313667,386,373,0.966,224,312,1151,788,53
313667,449,422,0.939,12,732,1228,919,69
313667,489,468,0.957,449,300,1379,1019,86
313667,309,300,0.97,298,252,1087,643,35
313667,638,620,0.972,129,516,1759,1296,79
313667,794,774,0.974,6,1788,3379,1775,80
313667,325,302,0.93,96,564,1091,696,59
313667,654,620,0.949,168,1200,2333,1453,98
313667,370,355,0.96,312,168,1027,747,49
313667,477,473,0.992,200,240,1600,984,22
313667,508,488,0.961,336,120,1506,1020,75
313667,449,440,0.98,274,60,1206,901,47
313667,343,339,0.989,49,780,1574,744,19
313667,606,591,0.975,0,564,2128,1353,40
313667,411,399,0.97,221,192,1480,839,25
246784,400,399,0.996,514,0,1019,800,16
246784,386,385,0.999,91,0,928,771,18
246784,446,443,0.994,233,0,1154,892,46
246784,490,487,0.994,230,0,1136,973,33
246784,310,309,0.998,156,0,773,618,12
246784,638,627,0.983,71,48,1645,1279,84
246784,786,779,0.991,884,0,2022,1537,52
246784,324,318,0.981,17,48,821,653,28
246784,654,622,0.951,34,156,2008,1307,92
246784,369,367,0.996,294,0,1076,737,14
246784,474,470,0.991,201,0,1168,949,36
246784,507,498,0.983,0,48,1255,1015,53
246784,449,448,0.997,249,0,1154,899,42
246784,342,339,0.992,254,0,881,683,20
246784,608,587,0.965,71,132,1318,1216,127
246784,411,407,0.99,97,0,1109,825,26
265245,400,396,0.991,1574,0,1460,1217,60
265245,388,386,0.994,339,264,1371,1179,65
265245,447,444,0.993,218,360,1783,1347,59
265245,489,486,0.993,248,300,1522,1483,77
265245,310,309,0.996,218,156,1084,933,42
265245,641,634,0.989,407,324,2217,1932,96
265245,768,753,0.98,462,1128,2679,2350,136
265245,324,317,0.979,986,0,1051,996,80
265245,654,640,0.978,1269,360,3058,2091,125
265245,369,361,0.979,0,396,1128,1109,80
265245,474,470,0.992,506,300,1637,1445,75
265245,508,503,0.99,295,108,1708,1531,67
265245,449,444,0.989,397,168,1556,1354,53
265245,340,334,0.982,1018,0,1241,1035,42
265245,608,597,0.982,1825,132,2187,1981,150
265245,411,402,0.978,573,336,1387,1250,84
697513,400,395,0.989,674,0,837,802,72
697513,388,385,0.991,169,12,844,782,62
697513,448,431,0.963,11,180,1019,907,81
697513,491,487,0.992,116,72,1149,994,39
697513,310,302,0.973,6,72,785,622,37
697513,642,634,0.987,318,0,1372,1299,96
697513,754,734,0.974,650,0,1758,1529,108
697513,324,315,0.973,772,0,758,662,64
697513,654,644,0.985,54,192,1904,1440,68
697513,369,367,0.994,555,0,861,738,43
697513,476,468,0.982,99,72,1058,961,71
697513,509,493,0.969,43,60,1030,1018,108
697513,449,445,0.992,204,0,989,901,69
697513,343,330,0.962,0,180,860,695,73
697513,609,591,0.971,138,228,1496,1391,131
697513,411,406,0.989,408,0,952,828,54
954798,360,349,0.97,0,108,885,726,40
954798,354,353,0.998,60,0,901,718,22
954798,405,399,0.986,406,0,1033,810,30
954798,474,469,0.989,77,0,1216,969,27
954798,299,296,0.99,185,0,802,604,24
954798,610,606,0.993,340,0,1497,1226,39
954798,779,761,0.977,44,240,1982,1576,63
954798,306,303,0.989,246,0,746,625,26
954798,618,613,0.993,251,48,1642,1285,48
954798,348,345,0.991,237,0,958,696,18
954798,447,443,0.992,95,72,1080,902,43
954798,453,450,0.993,223,0,1136,908,30
954798,406,400,0.986,107,12,1003,815,29
954798,339,333,0.982,616,0,769,683,34
954798,560,553,0.987,899,0,1319,1170,60
954798,365,363,0.995,717,0,851,738,26
6205,400,397,0.994,8425,0,2073,1177,59
6205,392,387,0.986,734,3360,1811,1147,71
6205,785,770,0.981,2363,8640,3947,2455,102
6205,324,320,0.988,463,4800,1400,942,58
6205,509,503,0.988,1237,4800,2286,1493,81
6205,449,444,0.99,1427,4320,2007,1294,77
6205,610,602,0.987,3355,8160,2714,1698,105
277790,398,388,0.976,1537,300,2019,807,29
277790,383,375,0.978,171,1500,2203,781,24
277790,790,754,0.954,685,5400,3347,1735,128
277790,316,305,0.964,1031,2100,1625,678,33
277790,508,498,0.981,1063,1200,2675,1033,34
277790,447,435,0.973,1210,900,2615,904,33
277790,588,568,0.966,1729,4800,3061,1307,72
699162,399,390,0.979,487,1728,985,828,66
699162,391,383,0.979,104,2304,1017,825,55
699162,449,437,0.974,937,960,1110,907,73
699162,495,484,0.978,2474,576,1272,1046,69
699162,310,302,0.975,448,1728,755,629,51
699162,640,629,0.982,1932,288,1625,1309,83
699162,791,761,0.962,2216,2208,1983,1695,169
699162,322,309,0.959,769,3072,877,713,62
699162,653,611,0.935,2233,5664,1593,1381,143
699162,368,364,0.988,623,1344,953,746,44
699162,474,448,0.945,1136,2400,1006,973,110
699162,509,495,0.973,525,2496,1142,1033,92
699162,450,436,0.969,718,2400,1104,923,75
699162,338,318,0.941,34,2784,804,752,81
699162,605,588,0.972,1365,4320,1699,1292,110
699162,411,395,0.96,989,3168,1017,881,87
891465,400,395,0.988,1725,6480,1831,1489,107
891465,392,384,0.978,332,7920,1678,1280,96
891465,794,762,0.96,1301,28800,3474,2812,248
891465,325,321,0.989,1239,11232,1823,1504,92
891465,509,503,0.987,3038,10080,2570,2088,129
891465,450,444,0.986,2392,8064,2135,1721,110
891465,612,602,0.984,2995,21024,3324,2877,211
896071,400,397,0.993,1140,0,1045,806,34
896071,392,385,0.983,113,480,994,794,37
896071,445,440,0.989,64,912,1166,890,38
896071,494,485,0.981,617,768,1196,1010,77
896071,309,295,0.955,101,864,729,622,61
896071,640,627,0.98,1760,0,1495,1289,97
896071,771,714,0.926,0,1968,1604,1575,256
896071,325,318,0.979,437,528,912,661,46
896071,654,640,0.979,362,3312,1888,1327,76
896071,367,297,0.809,657,96,645,736,147
896071,472,463,0.98,183,1920,1287,953,50
896071,505,495,0.981,101,1344,1232,1013,54
896071,449,441,0.982,196,1296,1036,900,55
896071,343,333,0.972,1,1584,768,718,68
896071,606,591,0.975,319,1776,1652,1224,87
896071,410,399,0.974,485,864,1091,832,55
896831,400,396,0.99,690,1536,1258,809,38
896831,392,387,0.988,443,1536,1175,800,52
896831,449,447,0.996,505,1056,1446,904,25
896831,495,489,0.988,1459,1152,1782,1014,39
896831,310,305,0.984,558,2016,902,626,41
896831,642,637,0.992,1481,384,2070,1297,48
896831,754,732,0.971,1663,5760,2587,1548,94
896831,325,316,0.973,281,2208,827,668,61
896831,657,643,0.979,566,3648,1971,1335,111
896831,370,367,0.993,770,1152,1065,746,38
896831,478,470,0.982,1634,1056,1635,974,41
896831,509,507,0.995,795,2880,1715,1031,44
896831,450,446,0.99,641,2112,1433,905,47
896831,344,334,0.971,36,4704,1260,716,27
896831,611,604,0.989,2543,3840,2421,1241,50
896831,411,401,0.975,598,1248,1343,837,47
970479,400,394,0.986,278,624,780,806,30
970479,386,384,0.994,375,1452,774,792,30
970479,449,445,0.99,379,924,873,900,26
970479,494,488,0.989,451,948,985,1008,38
970479,310,310,0.999,809,432,624,626,26
970479,642,637,0.993,1109,0,1271,1294,33
970479,780,771,0.988,1207,2268,1594,1624,75
970479,323,318,0.985,349,1596,650,658,31
970479,653,645,0.988,1050,984,1334,1345,53
970479,369,367,0.993,704,300,716,740,29
970479,478,471,0.986,588,708,935,964,33
970479,508,501,0.987,581,288,977,1018,36
970479,448,443,0.99,482,216,866,902,29
970479,341,339,0.995,527,1164,694,688,16
970479,609,603,0.99,1322,1068,1232,1234,34
970479,410,408,0.995,743,0,809,832,15
955517,332,317,0.954,768,0,625,672,83
955517,363,348,0.96,270,240,663,740,97
955517,357,344,0.964,606,120,704,720,83
955517,458,443,0.967,843,0,894,938,107
955517,283,273,0.966,336,240,579,570,62
955517,535,519,0.97,857,288,1079,1081,131
955517,730,690,0.946,683,1032,1434,1473,170
955517,265,246,0.928,516,72,477,543,97
955517,508,478,0.942,396,1488,1088,1043,121
955517,342,329,0.963,569,0,617,686,87
955517,387,366,0.946,358,432,731,789,109
955517,422,404,0.956,0,576,760,846,122
955517,341,326,0.955,234,312,612,684,92
955517,321,276,0.861,171,456,666,644,58
955517,487,459,0.943,388,336,975,992,133
955517,316,302,0.957,1677,0,603,647,73
919082,400,398,0.996,309,0,879,809,28
919082,390,387,0.992,558,0,869,800,46
919082,449,447,0.996,111,192,1067,921,23
919082,494,493,0.998,352,0,1159,1007,29
919082,310,309,0.997,161,192,758,672,33
919082,641,640,0.998,233,0,1478,1314,32
919082,783,775,0.99,398,396,1951,1772,97
919082,325,320,0.985,67,396,736,718,59
919082,656,653,0.995,358,324,1709,1546,67
919082,370,368,0.995,223,180,818,761,31
919082,478,476,0.995,143,252,1071,960,36
919082,508,507,0.999,255,264,1155,1021,31
919082,449,448,0.998,12,168,991,902,26
919082,343,342,0.996,24,144,873,781,20
919082,609,606,0.995,0,444,1550,1369,31
919082,411,409,0.995,162,204,930,831,22
926425,396,395,0.997,0,36,1039,800,23
926425,372,370,0.995,33,0,971,752,27
926425,442,441,0.997,17,24,1086,884,37
926425,479,478,0.997,29,60,1282,980,46
926425,302,302,1,34,24,887,608,16
926425,620,619,0.998,38,36,1650,1250,33
926425,745,725,0.973,84,180,1887,1504,113
926425,320,316,0.988,12,48,896,648,33
926425,629,615,0.978,21,108,1777,1272,75
926425,360,355,0.987,18,24,906,722,40
926425,473,473,1,24,24,1221,953,28
926425,504,498,0.989,32,60,1262,1010,38
926425,447,444,0.994,19,24,1131,897,31
926425,331,322,0.974,24,72,871,664,48
926425,594,587,0.989,37,60,1670,1198,44
926425,404,400,0.991,46,36,1136,820,36
926426,397,383,0.964,84,120,821,800,76
926426,371,352,0.948,120,180,709,752,103
926426,442,418,0.946,87,156,936,884,95
926426,476,459,0.965,49,192,1100,980,107
926426,302,280,0.926,144,84,688,608,79
926426,617,576,0.934,70,264,1223,1250,187
926426,745,669,0.898,360,768,1473,1504,203
926426,320,289,0.902,0,192,568,649,110
926426,630,522,0.828,79,564,1130,1272,272
926426,360,359,0.996,103,0,845,722,28
926426,473,463,0.978,110,48,1001,953,75
926426,504,487,0.966,111,156,1024,1010,122
926426,447,442,0.989,67,24,1042,897,47
926426,331,320,0.968,120,120,689,664,74
926426,594,562,0.947,62,348,1103,1198,180
926426,404,388,0.96,107,120,893,820,52
943901,399,391,0.979,0,108,1152,802,44
943901,385,383,0.994,62,0,1361,776,19
943901,446,443,0.993,50,48,1592,892,23
943901,490,486,0.992,30,108,1876,993,42
943901,310,304,0.982,31,60,1249,622,24
943901,639,635,0.994,74,0,2322,1287,34
943901,752,728,0.968,156,240,2615,1513,68
943901,323,303,0.937,1,108,1256,654,48
943901,652,629,0.965,85,84,2760,1313,59
943901,369,365,0.99,87,0,1224,739,18
943901,475,471,0.991,95,0,1714,955,25
943901,506,502,0.992,48,24,1599,1013,29
943901,450,447,0.994,49,0,1457,905,23
943901,340,337,0.99,140,108,1454,681,8
943901,603,601,0.996,99,240,3029,1212,16
943901,407,406,0.997,97,0,1771,823,16
