Sku,07-04-2009,07-11-2009,07-18-2009,07-25-2009,08-01-2009,08-08-2009,08-15-2009,08-22-2009,08-29-2009,09-05-2009,09-12-2009,09-19-2009,09-26-2009,10-03-2009,10-10-2009,10-17-2009,10-24-2009,10-31-2009,11-07-2009,11-14-2009,11-21-2009,11-28-2009,12-05-2009,12-12-2009,12-19-2009,12-26-2009,01-02-2010,01-09-2010,01-16-2010,01-23-2010,01-30-2010,02-06-2010,02-13-2010,02-20-2010,02-27-2010,03-06-2010,03-13-2010,03-20-2010,03-27-2010,04-03-2010,04-10-2010,04-17-2010,04-24-2010,05-01-2010,05-08-2010,05-15-2010,05-22-2010,05-29-2010,06-05-2010,06-12-2010,06-19-2010,06-26-2010,07-03-2010,07-10-2010,07-17-2010,07-24-2010,07-31-2010,08-07-2010,08-14-2010,08-21-2010,08-28-2010,09-04-2010,09-11-2010,09-18-2010,09-25-2010,10-02-2010,10-09-2010,10-16-2010,10-23-2010,10-30-2010,11-06-2010,11-13-2010,11-20-2010,11-27-2010,12-04-2010,12-11-2010,12-18-2010,12-25-2010,01-01-2011,01-08-2011,01-15-2011,01-22-2011,01-29-2011,02-05-2011,02-12-2011,02-19-2011,02-26-2011,03-05-2011,03-12-2011,03-19-2011,03-26-2011,04-02-2011,04-09-2011,04-16-2011,04-23-2011,04-30-2011,05-07-2011,05-14-2011,05-21-2011,05-28-2011,06-04-2011,06-11-2011,06-18-2011,06-25-2011,07-02-2011,07-09-2011,07-16-2011,07-23-2011,07-30-2011,08-06-2011,08-13-2011,08-20-2011,08-27-2011,09-03-2011,09-10-2011,09-17-2011,09-24-2011,10-01-2011,10-08-2011,10-15-2011,10-22-2011,10-29-2011,11-05-2011,11-12-2011,11-19-2011,11-26-2011,12-03-2011,12-10-2011,12-17-2011,12-24-2011,12-31-2011
859841,,,,,,,,,,,,,,,,,,,,,,,,,,,,,,,,,,,,,,,,,,,,,,,,,,,,,,,,,,,,,,,,,,,,,,,,,,,,,,,,,,,,,,,,,,,,,,,,,,,,,,,,,,,,,,,,,,,,,,,,,,,,,,,,,,,
874226,,,,,,,,,,,,,,,,,,,,,,,,,,,,,,,,,,,,,,,,,,,,,,,,,,,,,,,,,,,,,,,,,,,,,,,,,,,,,,,,,,,,,,,,,,,,,,,,,,,,,,,,,,,,,,,,,,,,,,,,,,,,,,,,,,,
879944,,,,,,,,,,,,,,,,,,,,,,,,,,,,,,,,,,,,,,,,,,,,,,,,,,,,,,,,,,,,,,,,,,,,,,,,,,,,,,,,,,,,,,,,,,,,,,,,,,,,,,,,,,,,,,,,,,,,,,,,,,,,,,,,,,,
727287,,,,,,,,,,,,,,,,,,,,,,,,,9,37,101,221,238,165,169,158,117,52,26,30,24,11,10,17,16,13,6,5,8,10,9,11,8,4,3,8,5,5,3,6,5,3,3,2,4,2,2,1,,3,,1,1,,,,1,1,1,1,1,2,,,-1,,,,,,,,1,,1,,,,1,,,,,,1,,1,1,1,1,1,,,,,2,,,,,,,,,,,,,,,,,,,
868766,,,,,,,,,,,,,,,,,,,,,,,,,,,,,,,,,,,,,,,,,,,,,,,,,,,,,,,,,,,,,,,,,,,,,,,,,,,,,,,,,,,,,,,,,,,,,,,,,,,,,,,,,,,,,,,,,,,,,,,,,,,,,,,,,,,
697537,,,15,115,323,483,680,734,722,835,773,823,814,559,775,709,689,557,725,732,709,499,647,583,600,654,822,944,695,649,739,748,784,1155,689,819,848,1020,792,789,857,1149,1169,726,933,1006,718,755,725,856,1272,1414,881,995,1176,1560,1024,1143,1314,1367,1622,1326,1519,2168,1299,1087,1246,914,966,891,794,899,1374,619,799,1047,631,678,925,1116,733,1152,1104,809,894,1009,821,980,1191,1338,1272,1171,944,1230,1205,846,863,1048,768,1075,845,864,1072,1615,1000,1291,1599,1048,1726,1376,1092,946,1493,1502,1684,1113,1289,1227,1126,1449,1175,1030,975,763,914,849,923,821,683,717,732
727281,,,,,,,,,,,,,,,,,,,,,,1,,,9,31,127,358,372,341,305,295,223,58,21,24,13,14,8,1,8,6,1,2,4,3,2,6,3,3,3,2,4,0,1,1,1,,4,,,1,,1,,3,1,1,2,,1,,,1,,,3,,1,,,,,,1,,1,,,,1,,,,,,1,,,,,,1,,,,,,,,,,,,,,,,,,,,,,,,,,,,
845042,,,,,,,,,,,,,,,,,,,,,,,,,,,,,,,,,,,,,,,,,,,,,,,,,,,,,,,,,,,,,,,,,,,,,,,,,,,,,,,,,,,,,,,,,,,,,,,,,,,,,,,,,,,7,101,227,421,405,364,750,649,400,479,525,544,531,470,527,431,568,431,513,490,573,433,456,637,666
232814,1552,1468,1608,2419,1330,1463,2095,1281,1317,1472,1375,1507,1327,1014,1398,1328,1307,1177,2310,1155,1157,905,1096,1070,1102,1108,1238,1352,980,1023,1021,1161,1138,1866,2187,1646,1128,1085,1157,2212,1134,1122,1644,1074,1407,1881,1142,1192,1763,1202,1075,1868,2164,1062,1078,1027,1100,1036,1359,1432,1725,2177,1225,1386,1399,1853,1482,1172,1241,1292,1229,1325,1179,2641,4079,2243,2771,2226,1890,2066,1544,1512,1406,1448,961,417,335,315,520,472,410,394,298,301,179,139,157,138,105,99,119,83,105,72,81,100,58,56,49,63,50,32,41,49,31,26,31,17,24,15,17,18,13,14,12,14,16,9,9,23,10
984259,,,,,,,,,,,,,,,,,,,,,,,,,,,,,,,,,,,,,,,,,,,,,,,,,,,,,,,,,,,,,,,,,,,,,,,,,,,,,,,,,,,,,,,,,,,,,,,,,,,,,,,,,,,,,,,,,,,,,,,,,,,,,,,,,,,
697534,,,14,134,336,552,782,847,828,978,922,982,986,676,1010,904,878,742,922,985,876,636,878,848,839,860,989,1167,767,715,888,924,907,932,820,1003,988,1216,1022,1002,1020,1048,1520,822,1120,1418,926,892,828,997,1352,1577,763,835,900,1385,837,728,725,788,1144,819,834,1825,854,797,1206,815,805,848,790,820,1588,630,778,1217,685,745,946,1101,679,1417,1294,796,831,1128,756,961,1117,1131,1091,1032,791,1440,1487,742,808,1254,675,1471,773,700,1260,1577,827,1461,1821,861,1821,1299,939,764,1426,1513,1904,1022,1244,1022,1066,1325,1005,886,880,673,771,737,820,795,638,750,658
892053,,,,,,,,,,,,,,,,,,,,,,,,,,,,,,,,,,,,,,,,,,,,,,,,,,,,,,,,,,,,,,,,,,,,,,,,,,,,,,,,,,,,,,,,,,,,,,,,,,,,,,,,,,,,,,,,,,,,,,,,,,,,,,,,,,,
952402,,,,,,,,,,,,,,,,,,,,,,,,,,,,,,,,,,,,,,,,,,,,,,,,,,,,,,,,,,,,,,,,,,,,,,,,,,,,,,,,,,,,,,,,,,,,,,,,,,,,,,,,,,,,,,,,,,,,,,,,,,,,,,,,,,,
952407,,,,,,,,,,,,,,,,,,,,,,,,,,,,,,,,,,,,,,,,,,,,,,,,,,,,,,,,,,,,,,,,,,,,,,,,,,,,,,,,,,,,,,,,,,,,,,,,,,,,,,,,,,,,,,,,,,,,,,,,,,,,,,,,,,,
276485,,,,,,,,,,,,,,,,,,,,,,,,,,,,,,,,,,,,,,,,,,,,,,,,,,,,,,,,,,,,,,,,,,,,,,,,,,,,,,,,,,,,,,,,,,,,,,,,,,,,,,,,,,,,,,,,,,,,,,,,,,,,,,,,,,,
232807,1724,1903,1914,2851,1732,1690,2632,1540,1630,1732,1564,1651,1501,1232,1550,1445,1439,1391,2659,1418,1314,1179,1409,1417,1430,1465,1541,1885,1367,1471,1476,1591,1657,2584,2427,2473,1670,1622,1747,2457,1799,1708,2488,1654,2011,2546,1656,1772,2409,1813,1634,2593,2362,1740,1641,1519,1515,1192,1288,1468,1593,2138,1241,1329,1277,1923,1676,1132,1206,1113,1140,1266,1196,1838,1185,1477,1187,2149,1439,1837,2036,1173,2502,1236,1308,2029,2524,1484,1474,1578,1773,1275,1351,1216,2175,2735,1276,2158,1307,2204,1374,1649,2267,2219,1469,2278,1427,2654,1377,1960,1779,1719,2145,2069,1536,1546,1815,1611,2691,1664,1658,1497,1661,1556,1484,1433,1648,2325,1511,1823,1507
952447,,,,,,,,,,,,,,,,,,,,,,,,,,,,,,,,,,,,,,,,,,,,,,,,,,,,,,,,,,,,,,,,,,,,,,,,,,,,,,,,,,,,,,,,,,,,,,,,,,,,,,,,,,,,,,,,,,,,,,,,,,,,,,,,,,,
827731,,,,,,,,,,,,,,,,,,,,,,,,,,,,,,,,,,,,,,,,,,,,,,,,,,,,,,,,,,,,,,,,,,,,,,,,,,,,,,,,,29,274,944,1727,2172,3127,1507,2505,2626,2667,2590,2131,2174,2159,3383,1881,2494,3281,2487,3367,2286,2404,3419,3441,2433,3541,2002,3484,2267,2745,2132,1860,2663,2983,2488,2933,3169,2846,2802,2788,2802,2673,2999,2768,2656,2495,3049,3434,2621,2963,2668
697531,,,20,175,439,774,1049,1217,1219,1294,1219,1352,1249,904,1285,1148,1207,968,1185,1219,1253,866,1230,1175,1274,1346,1256,1314,1015,916,1088,1072,1144,1750,1024,1309,1396,1213,1449,1271,1470,2188,1808,1219,1534,1659,1263,1221,1194,1381,1920,2025,1247,1371,1427,1907,1253,1229,1391,1410,1825,1329,1525,2633,1446,1318,1801,1355,1371,1364,1392,1439,2311,1135,1401,1816,1279,1432,1396,1796,1227,2075,1721,1320,1375,1735,1183,1506,1501,1498,1622,1302,1273,1763,1545,1120,1243,1517,1170,1390,1299,1303,1764,1677,1530,1642,1515,1498,1759,2044,1614,1437,1998,2110,1643,1485,1685,1584,1510,2067,1437,1391,1506,1226,1507,1382,1625,1805,1432,1680,1424
447951,,,,,,,,,,,,,,,,,,,,,,,,,,,,,,,,,,,,,,,,,,,,,,,,,,,,,,,,,,,,,,,,,,,,,,,,,,,,,,,,,,,,,,,,,,,,,,,,,,,,,,,,,,,,,,,,,,,,,,,,,,,,,,,,,,,
232813,2544,2855,2830,3498,2769,2780,3647,2680,2884,2990,2882,3014,2927,2478,2803,2710,2650,2417,3539,2644,2472,2093,2409,2253,2432,2313,2451,2650,2342,2055,2419,2379,2506,3171,2462,2777,2713,3324,2682,2589,2728,3854,3455,2356,2802,3011,2544,2397,2378,2681,3394,3182,2416,2415,2709,3159,2407,2189,2626,2547,3424,2484,2567,3897,2551,2383,2646,2395,2504,2321,2318,2426,3299,2015,2303,2724,2158,2146,2229,2641,1901,2778,2611,2358,2640,3153,2395,2568,2898,3027,3115,2726,2705,3215,2945,2513,2568,3192,2414,2757,2356,2211,3185,2877,2467,2713,3229,2651,3093,2959,2788,2855,3331,3352,3336,2844,3022,2893,2853,3495,2754,2450,2394,2292,2538,2473,2609,2666,2395,2754,2390
697542,,,,,,,,,,,,,,,,,,,,,,,,,,,,,,,,,,,,,,,,,,,,,,,,,,,,,,,,,,,,,,,,,,,,,,,,,,,,,,,,,,,,,,,,,,,,,,,,,,,,,,,,,,,,,,,,,,,,,,,,,,,,,,,,,,,
216549,,,,,,,,,,,,,,,,,,,,,,,,,,,,,,,,,,,,,,,,,,,,,,,,,,,,,,,,,,,,,,,,,,,,,,,,,,,,,,,,,,,,,,,,,,,,,,,,,,,,,,,,,,,,,,,,,,,,,,,,,,,,,,,,,,,
952401,,,,,,,,,,,,,,,,,,,,,,,,,,,,,,,,,,,,,,,,,,,,,,,,,,,,,,,,,,,,,,,,,,,,,,,,,,,,,,,,,,,,,,,,,,,,,,,,,,,,,,,,,,,,,,,,,,,,,,,,,,,,,,,,,,,
727276,,,,,,,,,,,,,,,,,,,,,,,,,12,89,249,778,744,669,540,449,361,120,45,17,12,10,5,7,7,3,4,7,4,5,2,3,4,4,1,,1,,1,,2,1,,1,,1,1,2,,1,,2,,1,,,-1,,,1,,,,,,,,1,,,,,,,-1,1,,,,1,,,,,,,1,,,,,,,,,,,,,,,,,,,,,,,,,,,,
483167,979,1501,1444,1401,1396,1543,1582,1427,1428,1390,1452,1570,1380,1013,1569,1507,1571,1912,1723,1779,1680,1452,2241,1692,1774,1630,1492,1169,993,899,1180,1138,1076,1321,1188,1168,1103,1057,1080,1256,1089,1157,1578,1010,884,399,-10,-8,-5,-3,-9,-8,-3,-1,295,513,1007,1194,857,905,999,781,1276,1158,1083,811,1347,1260,1347,1480,1364,1352,1225,1017,1157,1200,1125,1227,974,1395,1128,864,1176,1143,1238,1641,1086,1353,1344,1333,1432,782,1190,1092,1193,972,817,1603,998,1000,921,1016,1521,1139,1266,1003,974,1069,1481,1236,1317,1217,1541,1531,1278,1467,1474,1356,1206,1533,1557,1658,1784,1397,937,1382,1550,1546,1103,1676,1429
730264,,,,,,,,,,,,,,,,,,,,,,,,,6,47,133,168,232,373,417,643,632,703,697,759,724,713,751,695,705,777,917,636,461,1316,1036,999,965,1175,1000,1203,917,877,775,507,593,881,689,755,780,655,848,575,531,372,759,566,598,622,522,541,542,407,672,505,476,572,551,666,475,518,536,521,656,976,548,727,733,734,755,354,564,522,799,478,382,925,1678,1794,1798,1585,1086,1392,852,985,984,996,755,721,1441,1177,484,308,486,377,179,134,118,269,227,185,109,128,59,58,101,81,85,78,58
265241,,,,,,,,,,,,,,,,,,,,,,,,,,,,,,,,,,,,,,,,,,,,,,,,,,,,,,,,,,,,,,,,,,,,,,,,,,,,,,,,,,,,,,,,,,,,,,,,,,,,,,,,,,,,,,,,,,,,,,,,,,,,,,,,,,,
483165,758,940,884,766,821,862,1001,852,795,867,907,868,840,731,1058,918,1063,967,1178,972,1057,883,1802,1127,1161,1676,1245,1154,929,744,950,855,834,1199,810,819,843,732,742,1034,747,771,1123,669,633,1237,734,664,647,707,640,858,662,624,586,593,681,887,664,711,863,591,1009,737,752,557,1029,858,959,855,947,1101,948,770,1259,1125,1079,1251,1111,1346,1070,1010,1125,1094,1201,1673,1048,1285,1185,1273,1365,932,1137,1103,1196,967,817,1623,920,1050,993,1103,1529,1143,1594,1184,1198,1140,1420,1180,1215,1163,1473,1542,1357,1385,1427,1250,1388,1418,1440,1404,1549,1451,906,1186,1226,1098,779,902,780
730263,,,,,,,,,,,,,,,,,,,,,,,,,18,105,256,392,504,669,928,1413,1503,1749,1436,1576,1408,1348,1345,1120,1270,1325,1480,1223,1174,1710,1142,1018,1069,1019,1050,1290,1094,1076,1034,833,1011,1335,999,1037,855,1060,1444,1204,1194,1086,1440,1275,1456,1372,1524,1551,1451,1291,1637,1881,1896,1830,1814,1915,1835,1533,1964,2062,2055,2429,1996,2024,2090,2061,1882,1357,1561,1389,1437,1209,1620,1771,1280,2282,2256,1724,1225,1154,802,813,743,656,531,410,575,454,157,96,192,124,71,57,95,71,71,68,41,33,28,26,24,30,19,27,8
727278,,,,,,,,,,,,,,,,,,,,,,,,,17,96,301,926,846,751,544,563,432,119,44,23,8,3,6,8,6,3,4,4,1,7,0,3,4,2,,2,1,,,,1,1,1,1,,1,,2,1,,,,,,,,-1,1,,,,,,,,,-1,,,,,,,,,,,,1,,1,,,,,,,,,1,1,,,,,,,,,,,,,,,,,,,,,,,,
439183,155,189,174,177,230,593,772,788,727,706,790,591,420,223,223,166,128,121,136,59,114,128,61,123,70,48,50,39,24,25,58,89,96,102,79,108,88,108,88,99,49,65,80,59,44,48,51,19,38,41,20,21,24,19,23,16,16,27,25,22,13,22,28,28,21,15,11,13,5,8,2,4,1,2,8,3,13,10,-1,,,,,,,,,,,,,,,,,,,,,,,,,,,,,,,,,,,,,,,,,,,,,,,,,,,,
804092,,,,,,,,,,,,,,,,,,,,,,,,,,,,,,,,,,,,,,,,,,,,,,,,,,,,,,,,,,,,,,,,,,,,,,,,,,,,,,,,,,1,17,28,65,71,94,125,105,133,113,106,86,92,88,65,69,129,96,102,80,70,140,105,53,88,91,70,100,103,57,64,135,108,75,89,102,107,65,71,94,80,95,72,86,116,86,69,76,71,95
804094,,,,,,,,,,,,,,,,,,,,,,,,,,,,,,,,,,,,,,,,,,,,,,,,,,,,,,,,,,,,,,,,,,,,,,,,,,,,,,,,,,5,68,156,127,353,283,627,435,408,741,584,179,551,731,251,483,534,455,602,448,204,856,524,403,572,185,445,734,525,213,400,455,609,485,541,514,550,275,529,568,500,699,165,424,570,524,436,271,516,566
804095,,,,,,,,,,,,,,,,,,,,,,,,,,,,,,,,,,,,,,,,,,,,,,,,,,,,,,,,,,,,,,,,,,,,,,,,,,,,,,,,,,4,57,165,159,230,232,372,315,304,430,362,196,308,445,191,265,381,283,366,239,154,529,310,205,317,154,244,403,279,202,214,313,358,301,308,355,299,215,369,382,329,411,174,337,314,375,342,250,329,383
804093,,,,,,,,,,,,,,,,,,,,,,,,,,,,,,,,,,,,,,,,,,,,,,,,,,,,,,,,,,,,,,,,,,,,,,,,,,,,,,,,,,2,25,95,152,307,235,553,396,332,541,487,176,414,586,202,376,487,385,505,345,176,730,385,321,469,151,369,649,428,211,317,395,521,445,469,492,531,246,528,541,469,580,186,413,428,479,409,301,454,475
953531,,,,,,,,,,,,,,,,,,,,,,,,,,,,,,,,,,,,,,,,,,,,,,,,,,,,,,,,,,,,,,,,,,,,,,,,,,,,,,,,,,,,,,,,,,,,,,,,,,,,,,,,,,,,,,,,,,,,,,,,,,,,,,,,,,,
952405,,,,,,,,,,,,,,,,,,,,,,,,,,,,,,,,,,,,,,,,,,,,,,,,,,,,,,,,,,,,,,,,,,,,,,,,,,,,,,,,,,,,,,,,,,,,,,,,,,,,,,,,,,,,,,,,,,,,,,,,,,,,,,,,,,,
975319,,,,,,,,,,,,,,,,,,,,,,,,,,,,,,,,,,,,,,,,,,,,,,,,,,,,,,,,,,,,,,,,,,,,,,,,,,,,,,,,,,,,,,,,,,,,,,,,,,,,,,,,,,,,,,,,,,,,,,,,,,,,,,,,,,,
330002,350,396,423,491,346,252,348,277,268,265,280,266,279,356,464,473,443,463,292,649,295,327,362,316,317,304,309,474,527,441,425,330,297,327,352,356,346,323,305,303,311,267,259,283,327,318,356,292,289,237,241,219,237,221,256,244,236,227,242,272,237,239,215,240,252,234,227,231,268,207,245,227,238,201,220,231,213,211,185,258,610,715,620,335,236,219,217,251,245,203,276,240,211,178,176,163,180,170,187,149,142,153,227,168,145,138,145,134,215,169,184,149,141,158,181,155,178,167,161,173,200,185,230,190,226,166,213,203,204,189,203
930987,,,,,,,,,,,,,,,,,,,,,,,,,,,,,,,,,,,,,,,,,,,,,,,,,,,,,,,,,,,,,,,,,,,,,,,,,,,,,,,,,,,,,,,,,,,,,,,,,,,,,,,,,,,,,,,,,,,,,,,,,,,,,,,,,,,
902856,,,,,,,,,,,,,,,,,,,,,,,,,,,,,,,,,,,,,,,,,,,,,,,,,,,,,,,,,,,,,,,,,,,,,,,,,,,,,,,,,,,,,,,,,,,,,,,,,,,,,,,,,,,,,,,,,,,,,,,,,,,,,,,,,,,
973897,,,,,,,,,,,,,,,,,,,,,,,,,,,,,,,,,,,,,,,,,,,,,,,,,,,,,,,,,,,,,,,,,,,,,,,,,,,,,,,,,,,,,,,,,,,,,,,,,,,,,,,,,,,,,,,,,,,,,,,,,,,,,,,,,,,
827486,,,,,,,,,,,,,,,,,,,,,,,,,,,,,,,,,,,,,,,,,,,,,,,,,,,,,,,,,,,,,,,,,,,,,,,,,,,,,,,,,,,,,,,,,,,,,,,,,,,,,,,,,,,,,,,,,,,,,,,,,,,,,,,,,,,
973893,,,,,,,,,,,,,,,,,,,,,,,,,,,,,,,,,,,,,,,,,,,,,,,,,,,,,,,,,,,,,,,,,,,,,,,,,,,,,,,,,,,,,,,,,,,,,,,,,,,,,,,,,,,,,,,,,,,,,,,,,,,,,,,,,,,
952371,,,,,,,,,,,,,,,,,,,,,,,,,,,,,,,,,,,,,,,,,,,,,,,,,,,,,,,,,,,,,,,,,,,,,,,,,,,,,,,,,,,,,,,,,,,,,,,,,,,,,,,,,,,,,,,,,,,,,,,,,,,,,,,,,,,
902855,,,,,,,,,,,,,,,,,,,,,,,,,,,,,,,,,,,,,,,,,,,,,,,,,,,,,,,,,,,,,,,,,,,,,,,,,,,,,,,,,,,,,,,,,,,,,,,,,,,,,,,,,,,,,,,,,,,,,,,,,,,,,,,,,,,
912490,,,,,,,,,,,,,,,,,,,,,,,,,,,,,,,,,,,,,,,,,,,,,,,,,,,,,,,,,,,,,,,,,,,,,,,,,,,,,,,,,,,,,,,,,,,,,,,,,,,,,,,,,,,,,,,,,,,,,,,,,,,,,,,,,,,
902857,,,,,,,,,,,,,,,,,,,,,,,,,,,,,,,,,,,,,,,,,,,,,,,,,,,,,,,,,,,,,,,,,,,,,,,,,,,,,,,,,,,,,,,,,,,,,,,,,,,,,,,,,,,,,,,,,,,,,,,,,,,,,,,,,,,
706565,,,,,,,,,,,,,,,,,,1,,1,,,,,,,1,,,,1,,1,,,,,,,,,,,,-1,,,,,,,,,,,,,,,,,,,,1,,,,,,,,,,,,,,,,,,,,,1,,,,,,,,,,,,,,,,,,,,,,,,,,,,,,,,,,,,,,,1,,,,,,
483708,749,810,770,875,1006,749,598,544,496,587,566,665,639,654,555,541,555,503,649,596,619,508,815,564,546,548,617,683,543,505,632,619,594,840,634,644,695,719,740,685,826,812,1294,722,717,975,632,480,510,574,821,898,562,475,555,463,455,738,420,454,371,424,692,458,724,363,467,429,712,343,502,516,475,376,454,336,417,379,380,511,323,351,339,401,415,785,433,687,663,702,850,686,490,419,595,423,446,844,1680,344,304,390,654,437,382,420,401,439,648,441,389,354,521,541,434,374,424,345,400,432,419,410,410,398,556,343,410,369,416,614,419
807138,,,,,,,,,,,,,,,,,,,,,,,,,,,,,,,,,,,,,,,,,,,,,,,,,,,,,,,,,,,,6,38,72,71,98,88,74,127,110,97,93,114,79,96,86,81,104,101,76,116,128,88,101,113,111,120,131,119,161,127,174,177,174,151,160,207,162,170,225,476,589,757,767,510,635,614,532,549,585,415,415,708,719,377,237,336,298,142,103,174,182,226,100,51,78,58,17,59,53,24,74,28
912489,,,,,,,,,,,,,,,,,,,,,,,,,,,,,,,,,,,,,,,,,,,,,,,,,,,,,,,,,,,,,,,,,,,,,,,,,,,,,,,,,,,,,,,,,,,,,,,,,,,,,,,,,,,,,,,,,,,,,,,,,,,,,,,,,,,
952449,,,,,,,,,,,,,,,,,,,,,,,,,,,,,,,,,,,,,,,,,,,,,,,,,,,,,,,,,,,,,,,,,,,,,,,,,,,,,,,,,,,,,,,,,,,,,,,,,,,,,,,,,,,,,,,,,,,,,,,,,,,,,,,,,,,
953530,,,,,,,,,,,,,,,,,,,,,,,,,,,,,,,,,,,,,,,,,,,,,,,,,,,,,,,,,,,,,,,,,,,,,,,,,,,,,,,,,,,,,,,,,,,,,,,,,,,,,,,,,,,,,,,,,,,,,,,,,,,,,,,,,,,
733288,,,,,,,,,,,,,,,,,,,,,,,,,,,,,,,,,,,,,,,,,,,,,,,,,,,,,,,,,,,,,,,,,,,,,,,,,,,,,,,,,,,,,,,,,,,,,,,,,,,,,,,,,,,,,,,,,,,,,,,,,,,,,,,,,,,
276778,611,713,680,850,564,397,800,500,513,431,578,656,551,602,793,769,831,791,434,1148,597,576,859,522,552,559,488,683,833,732,661,437,447,509,503,512,474,458,449,462,415,472,444,440,589,590,590,521,485,459,418,369,403,418,393,389,366,385,451,516,348,355,372,478,377,390,398,458,417,325,429,422,429,346,422,463,403,399,295,406,967,1027,1018,488,392,376,341,400,436,435,536,386,379,338,386,320,366,446,468,364,343,420,728,479,297,304,335,432,570,412,405,342,424,392,396,450,422,375,380,432,407,409,428,366,368,448,486,440,427,386,403
973898,,,,,,,,,,,,,,,,,,,,,,,,,,,,,,,,,,,,,,,,,,,,,,,,,,,,,,,,,,,,,,,,,,,,,,,,,,,,,,,,,,,,,,,,,,,,,,,,,,,,,,,,,,,,,,,,,,,,,,,,,,,,,,,,,,,
973901,,,,,,,,,,,,,,,,,,,,,,,,,,,,,,,,,,,,,,,,,,,,,,,,,,,,,,,,,,,,,,,,,,,,,,,,,,,,,,,,,,,,,,,,,,,,,,,,,,,,,,,,,,,,,,,,,,,,,,,,,,,,,,,,,,,
973899,,,,,,,,,,,,,,,,,,,,,,,,,,,,,,,,,,,,,,,,,,,,,,,,,,,,,,,,,,,,,,,,,,,,,,,,,,,,,,,,,,,,,,,,,,,,,,,,,,,,,,,,,,,,,,,,,,,,,,,,,,,,,,,,,,,
413091,239,263,256,278,236,230,287,192,161,153,182,171,158,175,276,240,216,221,151,222,163,131,236,124,135,108,128,238,273,252,267,220,217,222,218,325,329,300,271,291,359,291,255,308,354,308,314,228,224,210,184,506,663,567,498,444,395,292,299,316,282,344,342,424,301,250,207,219,164,127,107,59,62,40,49,39,31,23,33,34,27,39,36,35,46,26,26,30,32,19,30,30,28,22,30,17,19,13,9,8,8,3,9,5,3,10,4,1,,,,,,,,,,,,,,,,,,,,,,,
308548,329,397,355,362,276,151,353,185,179,178,195,220,187,292,471,413,386,401,190,1066,2123,1297,666,908,853,858,563,453,467,439,433,747,809,464,400,328,277,266,220,148,144,114,105,63,44,50,54,39,86,56,49,34,45,59,60,22,47,44,42,18,38,21,35,38,42,19,22,26,26,27,12,11,5,23,14,13,14,9,11,6,5,12,29,22,20,8,16,6,9,6,6,6,6,13,3,2,10,3,4,8,7,5,7,6,3,7,,,,,,,,,,,,,,,,,,,,,,,,,
399771,87,108,115,161,108,77,181,87,91,76,102,89,71,110,149,124,122,119,103,385,632,547,322,425,426,413,383,249,299,296,295,529,649,430,350,318,283,206,224,163,124,101,82,86,43,45,38,25,54,71,47,48,29,53,45,43,61,51,45,38,26,35,48,41,43,42,25,41,38,27,26,14,12,6,17,16,10,14,9,12,10,26,13,7,10,6,12,4,14,8,18,13,10,14,5,,11,2,7,9,5,3,7,6,5,4,,,,,,,,,,,,,,,,,,,,,,,,,
907058,,,,,,,,,,,,,,,,,,,,,,,,,,,,,,,,,,,,,,,,,,,,,,,,,,,,,,,,,,,,,,,,,,,,,,,,,,,,,,,,,,,,,,,,,,,,,,,,,,,,,,,,,,,,,,,,,,,,,,,,,,,,,,,,,,,
850338,,,,,,,,,,,,,,,,,,,,,,,,,,,,,,,,,,,,,,,,,,,,,,,,,,,,,,,,,,,,,,,,,,,,,,,,,,,,,,,,,,,,,,,,,,,,,,,,,,,,,,,,,,,15,82,143,217,186,223,207,203,159,154,146,100,118,110,103,113,97,93,94,77,89,73,82,88,102
730421,,,,,,,,,,,,,,,,,,,,,,,,,,,,2,13,70,111,177,188,180,178,217,236,230,276,289,440,312,300,287,428,376,334,421,746,478,526,592,507,725,478,440,432,375,348,321,216,240,200,169,160,132,189,133,171,138,151,160,180,163,149,188,191,181,193,194,181,172,188,175,197,210,209,255,222,301,325,318,335,354,284,342,429,441,279,409,1036,597,554,440,475,641,851,846,512,415,548,376,220,166,194,159,78,79,99,99,99,98,85,73,63,48,75,65,72,83,72
483980,1277,1400,1456,1266,1168,1219,1207,1237,1041,1015,943,810,842,763,806,754,759,764,784,753,742,574,802,735,776,803,903,1025,1030,823,805,776,843,1217,816,877,856,840,846,931,1038,1032,1231,920,1000,1415,907,974,1142,1043,1069,1160,1144,1242,1052,1051,977,915,822,900,779,825,722,688,571,563,724,575,569,521,496,558,605,606,582,592,554,617,654,828,638,618,677,562,701,734,653,853,799,893,883,860,798,804,840,858,1273,1252,785,916,1080,1122,1303,1007,1010,1038,1498,1367,931,1123,803,739,861,872,563,589,582,588,767,537,532,490,573,568,459,506,549,557,518,588,512
265245,2067,2349,2366,2241,2137,2705,3388,2428,2337,2654,2588,2766,2667,3219,3387,4161,4179,3550,4003,3963,3944,3139,4127,5135,6149,6254,4551,6465,5891,4323,4304,5197,5418,7540,4543,5043,4610,4149,4044,3751,3171,3548,4599,3781,3472,4863,3147,2731,2489,2669,2454,2305,2413,2293,2092,2041,2151,2152,2185,2281,2290,2347,2658,2956,2603,2258,3661,3094,3711,3236,4299,4252,4114,3927,4553,5801,5795,6312,4562,5468,4766,4226,4245,4046,4364,4108,3566,4172,3575,3635,4075,3991,3373,2794,2738,2194,3588,3565,2228,2013,1971,2288,2893,2218,1821,1865,2591,2303,1993,2442,1876,1882,2180,2171,1918,2179,2326,1982,3365,2259,2758,2751,3799,3433,3074,2635,3860,3337,3878,4189,2904
866560,,,,,,,,,,,,,,,,,,,,,,,,,,,,,,,,,,,,,,,,,,,,,,,,,,,,,,,,,,,,,,,,,,,,,,,,,,,,,,,,,,,,,,,,,,,,,,,,,,,,,,,,,,,,,,,,,,,,,,,,,,,,,,,,,,,
876691,,,,,,,,,,,,,,,,,,,,,,,,,,,,,,,,,,,,,,,,,,,,,,,,,,,,,,,,,,,,,,,,,,,,,,,,,,,,,,,,,,,,,,,,,,,,,,,,,,,,,,,,,,,,,,,,,,,,,,,,,,,,,,,,,,,
954798,,,,,,,,,,,,,,,,,,,,,,,,,,,,,,,,,,,,,,,,,,,,,,,,,,,,,,,,,,,,,,,,,,,,,,,,,,,,,,,,,,,,,,,,,,,,,,,,,,,,,,,,,,,,,,,,,,,,,,,,,,,,,,,,,,,
246784,234,246,262,280,286,311,425,310,294,240,274,271,248,253,257,254,239,221,249,260,249,231,377,236,202,238,224,231,218,221,298,236,253,422,281,336,324,268,307,305,363,344,485,372,463,479,328,379,390,380,397,540,378,366,369,367,367,550,409,401,330,335,419,312,292,297,285,266,253,226,267,275,236,193,303,223,220,277,283,336,239,267,289,254,280,430,350,417,380,396,435,348,353,395,361,392,407,520,446,422,416,466,563,486,355,388,371,416,535,412,406,366,485,449,336,359,317,315,305,307,326,271,291,264,289,283,278,256,268,294,283
697513,4,7,11,75,335,431,395,391,374,475,467,581,564,605,596,561,743,631,709,652,624,522,944,626,618,692,743,884,761,738,838,895,800,1043,883,841,875,897,921,1029,1160,1134,1511,961,1084,1387,858,871,832,905,1194,1184,813,692,710,728,658,874,679,573,589,661,923,744,1163,683,855,750,1412,670,716,744,670,522,628,500,528,556,622,780,457,455,568,700,757,1064,828,956,968,822,1154,987,842,828,800,740,834,1158,670,524,561,675,1141,712,781,900,800,732,992,728,670,692,769,858,709,702,796,623,855,811,764,939,754,735,902,571,631,699,699,1069,709
499014,-1,0,0,0,0,0,0,1,0,0,0,0,0,0,0,0,0,0,0,0,0,0,0,0,0,0,,,,,,,,2,,,,,,,,,,,,,,,,,,,,,,,,,,,,,,,,,,,,,,,,,,,,,,,,,1,,,1,,,,,,,,,,,,,,,,,,,,,,,,,,,,,,,,,,,,,,,,,,,,,
922533,,,,,,,,,,,,,,,,,,,,,,,,,,,,,,,,,,,,,,,,,,,,,,,,,,,,,,,,,,,,,,,,,,,,,,,,,,,,,,,,,,,,,,,,,,,,,,,,,,,,,,,,,,,,,,,,,,,,,,,,,,,,,,,,,,,
922532,,,,,,,,,,,,,,,,,,,,,,,,,,,,,,,,,,,,,,,,,,,,,,,,,,,,,,,,,,,,,,,,,,,,,,,,,,,,,,,,,,,,,,,,,,,,,,,,,,,,,,,,,,,,,,,,,,,,,,,,,,,,,,,,,,,
922535,,,,,,,,,,,,,,,,,,,,,,,,,,,,,,,,,,,,,,,,,,,,,,,,,,,,,,,,,,,,,,,,,,,,,,,,,,,,,,,,,,,,,,,,,,,,,,,,,,,,,,,,,,,,,,,,,,,,,,,,,,,,,,,,,,,
965180,,,,,,,,,,,,,,,,,,,,,,,,,,,,,,,,,,,,,,,,,,,,,,,,,,,,,,,,,,,,,,,,,,,,,,,,,,,,,,,,,,,,,,,,,,,,,,,,,,,,,,,,,,,,,,,,,,,,,,,,,,,,,,,,,,,
199080,,,,,,,,,,,,,,,,,,,,,,,,,,,,,,,,,,,,,,,,,,,,,,,,,,,,,,,,,,,,,,,,,,,,,,,,,,,,,,,,,,,,,,,,,,,,,,,,,,,,,,,,,,,,,,,,,,,,,,,,,,,,,,,,,,,
199060,,,,,,,,,,,,,,,,,,,,,,,,,,,,,,,,,,,,,,,,,,,,,,,,,,,,,,,,,,,,,,,,,,,,,,,,,,,,,,,,,,,,,,,,,,,,,,,,,,,,,,,,,,,,,,,,,,,,,,,,,,,,,,,,,,,
350688,,,,,,,,,,,,,,,,,,,,,,,,,,,,,,,,,,,,,,,,,,,,,,,,,,,,,,,,,,,,,,,,,,,,,,,,,,,,,,,,,,,,,,,,,,,,,,,,,,,,,,,,,,,,,,,,,,,,,,,,,,,,,,,,,,,
950389,,,,,,,,,,,,,,,,,,,,,,,,,,,,,,,,,,,,,,,,,,,,,,,,,,,,,,,,,,,,,,,,,,,,,,,,,,,,,,,,,,,,,,,,,,,,,,,,,,,,,,,,,,,,,,,,,,,,,,,,,,,,,,,,,,,
985326,,,,,,,,,,,,,,,,,,,,,,,,,,,,,,,,,,,,,,,,,,,,,,,,,,,,,,,,,,,,,,,,,,,,,,,,,,,,,,,,,,,,,,,,,,,,,,,,,,,,,,,,,,,,,,,,,,,,,,,,,,,,,,,,,,,
401541,,,,,,,,,,,,,,,,,,,,,,,,,,,,,,,,,,,,,,,,,,,,,,,,,,,,,,,,,,,,,,,,,,,,,,,,,,,,,,,,,,,,,,,,,,,,,,,,,,,,,,,,,,,,,,,,,,,,,,,,,,,,,,,,,,,
938359,,,,,,,,,,,,,,,,,,,,,,,,,,,,,,,,,,,,,,,,,,,,,,,,,,,,,,,,,,,,,,,,,,,,,,,,,,,,,,,,,,,,,,,,,,,,,,,,,,,,,,,,,,,,,,,,,,,,,,,,,,,,,,,,,,,
729842,,,,,,,,,,,,,,,,,,,,,,,,,,,,,,,,,,,,,,,,,35,125,126,204,481,267,362,865,1991,833,1111,1331,961,1477,837,678,583,475,362,313,183,179,136,77,81,69,43,47,37,45,35,25,34,22,22,12,22,17,35,15,41,31,53,49,57,83,196,164,126,275,346,311,321,365,453,378,321,304,258,623,1791,828,623,717,994,1218,1233,939,685,632,408,343,238,140,141,89,77,55,55,62,53,50,33,26,18,17,19,16,8,34,30
729843,,,,,,,,,,,,,,,,,,,,,,,,,,,,,,,,,,,,,,,,,,,,,,7,65,126,228,211,559,1596,1429,2084,988,959,826,716,541,428,234,224,237,132,113,81,74,60,61,50,33,39,28,33,22,18,22,35,29,40,57,41,55,77,53,115,254,197,168,316,295,263,295,304,456,464,468,400,400,898,2260,1021,838,903,1080,1394,1310,1134,816,900,530,463,359,201,222,119,81,81,63,63,55,58,42,43,43,51,33,40,23,15,16
727120,,,,,,,,,,,,,,,,,,,,,,2,5,4,8,17,22,6,6,23,44,62,100,136,127,147,221,448,489,862,1319,1060,496,617,730,478,450,1043,1035,824,1089,1032,1196,798,973,735,924,500,486,374,294,230,222,145,179,111,131,115,72,75,89,80,95,73,53,48,59,75,73,96,65,88,92,95,110,283,186,360,326,667,362,501,461,939,364,470,644,626,724,921,2542,766,725,998,1357,505,1222,429,612,736,556,428,292,235,218,308,104,121,117,119,99,74,67,54,81,57,66,73,76,109,114
727126,,,,,,,,,,,,,,,,,,,,,,,,,,,,,,,,,,,,,7,46,55,77,400,657,756,1209,1511,915,1128,1783,2044,1172,1411,1441,1509,1522,1075,975,856,635,517,456,383,413,292,230,158,168,96,174,66,89,114,110,75,104,83,131,82,80,44,46,116,130,113,96,107,84,93,133,132,204,116,175,224,263,274,433,506,573,513,778,1179,922,737,763,968,957,814,799,546,491,400,354,283,267,208,176,105,82,85,113,61,54,43,35,53,40,33,36,31,65,41
690341,,,,,,,,,,,,,,,,,,,,,,,,,,,,,,,,,,,,,,,,,,,,,,,,,,,,,,,,,,,,,,,,,,,,,,,,,,,,,,,61,30,82,106,140,125,97,136,141,118,126,182,193,224,238,197,177,309,394,355,317,723,1148,688,624,634,920,936,755,748,600,412,410,307,224,207,163,94,101,80,68,78,43,59,35,37,31,46,32,36,22,57,68
689603,3090,2863,2339,1474,1067,788,554,419,211,176,128,62,54,68,44,45,46,33,24,39,44,23,24,23,36,24,22,11,25,24,52,58,72,54,48,63,74,146,132,176,794,1411,1092,1464,1957,1297,1665,3283,3654,2326,3091,3957,3862,3270,2025,2102,1836,1114,944,524,319,320,210,151,121,86,77,94,54,68,63,45,58,62,72,58,63,85,33,30,66,82,73,84,52,57,62,56,72,99,110,90,120,199,263,519,813,922,755,1861,2677,2156,1903,2065,2501,2152,2267,2016,1356,1141,740,444,326,269,135,108,69,55,47,65,45,30,43,36,32,37,31,36,34,60,39
727121,,,,,,,,,,,,,,,,,,,,,,5,4,12,19,28,40,14,13,33,88,158,273,267,224,356,502,957,943,1492,2134,1834,973,1140,1458,982,1152,2055,2131,2119,2354,2817,2762,1956,1910,2013,2191,1293,1221,893,586,458,406,325,282,230,233,247,163,167,176,167,163,131,118,99,141,227,183,144,164,182,155,171,257,536,382,641,632,1173,791,929,873,1476,921,851,1053,1080,1021,1622,3399,1861,1622,1846,3068,1391,2665,1466,1472,1405,1099,751,501,330,336,338,213,146,208,163,144,111,137,105,112,127,118,110,151,223,209
938360,,,,,,,,,,,,,,,,,,,,,,,,,,,,,,,,,,,,,,,,,,,,,,,,,,,,,,,,,,,,,,,,,,,,,,,,,,,,,,,,,,,,,,,,,,,,,,,,,,,,,,,,,,,,,,,,,,,,,,,,,,,,,,,,,,,
727128,,,,,,,,,,,,,,,,,,,,,,,,,,,,,,,,,,,,,,,,70,896,1441,1071,1340,1468,844,1132,1986,1816,1036,1039,980,1821,1508,773,584,613,438,298,175,116,101,67,59,36,41,34,41,25,16,19,21,26,25,14,29,26,35,10,11,16,38,43,28,20,42,35,28,27,56,41,68,89,127,193,547,716,859,738,1871,2585,1996,1491,1609,2302,1988,2093,1567,1134,888,596,432,329,245,149,69,45,57,46,38,40,32,24,28,27,30,37,25,21,46,27
958238,,,,,,,,,,,,,,,,,,,,,,,,,,,,,,,,,,,,,,,,,,,,,,,,,,,,,,,,,,,,,,,,,,,,,,,,,,,,,,,,,,,,,,,,,,,,,,,,,,,,,,,,,,,,,,,,,,,,,,,,,,,,,,,,,,,
958239,,,,,,,,,,,,,,,,,,,,,,,,,,,,,,,,,,,,,,,,,,,,,,,,,,,,,,,,,,,,,,,,,,,,,,,,,,,,,,,,,,,,,,,,,,,,,,,,,,,,,,,,,,,,,,,,,,,,,,,,,,,,,,,,,,,
866765,,,,,,,,,,,,,,,,,,,,,,,,,,,,,,,,,,,,,,,,,,,,,,,,,,,,,,,,,,,,,,,,,,,,,,,,,,,,,,,,,,,,,,,,,,,,,,,,,,,,,,,,,,,,,,,,,,,,,,,,,,,,,,,5,8,11,20,15
822565,,,,,,,,,,,,,,,,,,,,,,,,,,,,,,,,,,,,,,,,,,,,,,,,,,,,,,,,,,,,,,,,,,,,,,,,,,5,2,1,2,7,6,6,9,31,29,34,36,58,77,104,85,109,122,100,138,185,139,101,175,140,154,186,263,158,167,227,190,136,149,95,106,351,119,157,169,99,121,257,84,54,77,79,73,63,52,50,38,48,66,54,48,58,78
899756,,,,,,,,,,,,,,,,,,,,,,,,,,,,,,,,,,,,,,,,,,,,,,,,,,,,,,,,,,,,,,,,,,,,,,,,,,,,,,,,,,,,,,,,,,,,,,,,,,,,,,,,,,,,,,,,,,,,,,,,,,,,,,,,,,,
950398,,,,,,,,,,,,,,,,,,,,,,,,,,,,,,,,,,,,,,,,,,,,,,,,,,,,,,,,,,,,,,,,,,,,,,,,,,,,,,,,,,,,,,,,,,,,,,,,,,,,,,,,,,,,,,,,,,,,,,,,,,,,,,,,,,,
950399,,,,,,,,,,,,,,,,,,,,,,,,,,,,,,,,,,,,,,,,,,,,,,,,,,,,,,,,,,,,,,,,,,,,,,,,,,,,,,,,,,,,,,,,,,,,,,,,,,,,,,,,,,,,,,,,,,,,,,,,,,,,,,,,,,,
888236,,,,,,,,,,,,,,,,,,,,,,,,,,,,,,,,,,,,,,,,,,,,,,,,,,,,,,,,,,,,,,,,,,,,,,,,,,,,,,,,,,,,,,,,,,,,,,,,,,,,,,,,,,,,,,,,,,,,,,,,,,,,,,,,,,,
822568,,,,,,,,,,,,,,,,,,,,,,,,,,,,,,,,,,,,,,,,,,,,,,,,,,,,,,,,,,,,,,,,,,,,,,,,,,,,,,,,,,,,,,,,,,,,,,,,,,,,,,,,,,,,,,,,,,,,,,,,,,,,,,,,,,,
822566,,,,,,,,,,,,,,,,,,,,,,,,,,,,,,,,,,,,,,,,,,,,,,,,,,,,,,,,,,,,,,,,,,,,,,,,,,2,11,6,5,10,15,16,6,19,42,34,48,69,78,91,95,138,107,106,143,176,148,186,252,273,291,340,703,356,339,384,402,281,346,302,223,440,208,205,174,116,121,210,71,68,80,61,70,62,85,67,66,68,93,130,92,105,66
876231,,,,,,,,,,,,,,,,,,,,,,,,,,,,,,,,,,,,,,,,,,,,,,,,,,,,,,,,,,,,,,,,,,,,,,,,,,,,,,,,,,,,,,,,,,,,,,,,,,,,,,,,,,,,,,,,,,,,,,,,,,,,,,,,,,,
614079,,,,,,,,,,,,,,,,,,,,,,,,,,,,,,,1,16,44,79,133,213,258,412,386,417,563,294,197,259,265,168,204,261,360,241,303,214,247,157,180,129,153,75,87,83,54,62,50,39,36,22,39,32,27,38,25,20,29,27,10,17,18,18,15,26,13,23,29,29,38,23,38,28,45,53,38,39,36,15,,,,,,,,,,,,,,,,,1,,,,,,,,,,,,,,,,,,1,,
614088,,,,,,,,,,,,,,,,,,,,,,,,,,,,,,,3,14,40,57,81,110,189,303,326,373,513,268,201,259,310,241,207,270,383,282,348,222,285,193,218,151,177,110,94,89,51,71,64,47,33,43,34,45,30,31,21,26,32,35,13,13,18,21,11,21,13,33,34,36,26,39,30,25,29,44,29,35,34,,,,,,,,,,,,,1,2,,,,,,,2,,,,,,,,,,,,,,,,,
614083,,,,,,,,,,,,,,,,,,,,,,,,,,,,,,,2,18,29,52,82,83,173,239,288,353,758,590,450,628,840,653,697,1202,1643,1071,1450,1259,1276,1162,927,533,571,348,322,234,142,93,112,80,83,29,,,0,,,,,,,,,,,,,,,,,,,,,,,,,,,,1,,,,1,-1,,,,,,3,,,,,,,,,,,,,,,,,,,,,,,
828278,,,,,,,,,,,,,,,,,,,,,,,,,,,,,,,,,,,,,,,,,,,,,,,,,,,,,,,,,,,,,,,,,,,,,,,,,,,,,,,,,,,,,,,,,,,,,,,,,,,,,,,,,,,,,,,,,,,,,,,,,,,,,,,,,,,
199296,2922,4516,2442,3131,2198,3402,2317,2194,1274,999,584,600,503,467,439,415,366,341,401,388,429,343,371,351,507,686,593,552,542,534,514,630,805,727,728,1027,1118,1555,1877,2283,3504,1804,1244,2436,1998,1541,1683,3398,4431,2798,5136,4347,6992,5146,4367,2895,4580,2166,2372,1616,1168,1446,856,675,642,521,582,488,418,380,375,371,375,330,352,356,420,544,513,612,502,545,510,615,713,1011,1024,1170,1392,1618,1424,1901,1508,1822,1341,1662,1803,1824,1604,2717,4532,3112,4476,2663,4291,3298,3800,2795,3017,2039,1883,1257,1252,1035,701,558,489,461,482,483,430,354,391,373,374,386,423,416,509,809,671
256229,,,,,,,,,,,,,,,,,,,,,,,,,,,,,,,,,,,,,,,,,,,,,,,,,,,,,,,,,,,,,,,,,,,,,,,,,,,,,,,,,,,,,,,,,,,,,,,,,,,,,,,,,,,,,,,,,,,,,,,,,,,,,,,,,,,
199279,2874,4680,2504,3603,2151,3346,2160,2097,1329,1091,675,656,571,502,463,440,329,349,386,350,400,335,336,327,357,501,432,439,420,444,443,510,564,544,508,627,807,1238,1547,1768,3169,1526,1139,1707,1840,1410,1496,2755,3806,2743,4552,4374,5950,,5018,2903,4063,2194,2049,1647,1169,1376,927,670,658,591,589,481,398,351,373,329,321,275,293,267,302,391,373,473,338,406,417,499,566,777,780,835,1021,1277,1134,1652,1419,1654,1186,1658,1792,1787,1605,2493,4357,3253,4501,2829,4552,3415,4099,2826,2950,1958,1972,1370,1326,1090,735,585,462,441,478,481,397,315,316,312,318,347,350,361,397,559,543
868485,,,,,,,,,,,,,,,,,,,,,,,,,,,,,,,,,,,,,,,,,,,,,,,,,,,,,,,,,,,,,,,,,,,,,,,,,,,,,,,,,,,,,,,,,,,,,,,,,,,,,,,,,,,,,,,,,,,,,,,,,,,,3,26,103,100,158,152,285,293
729844,,,,,,,,,,,,,,,,,,,,,,,,,,,,,,,,,,,,,,,,,,,,,12,79,107,126,138,175,199,172,294,486,392,311,455,268,249,191,149,180,141,109,89,120,135,118,75,87,78,92,89,90,73,57,55,94,57,93,104,138,100,146,85,155,226,167,172,294,469,221,240,276,254,383,435,491,462,782,1274,995,892,721,982,1029,927,958,736,596,459,360,364,294,196,147,130,100,107,107,62,49,45,66,70,88,74,65,82,100,130
822567,,,,,,,,,,,,,,,,,,,,,,,,,,,,,,,,,,,,,,,,,,,,,,,,,,,,,,,,,,,,,,,,,,,,,,,,,,,,,,,,,,13,24,41,52,77,71,109,121,124,88,148,125,215,142,120,201,156,164,186,221,198,205,237,277,144,167,142,117,225,148,136,151,92,141,197,84,77,83,91,80,59,71,60,42,45,53,49,52,107,93
867698,,,,,,,,,,,,,,,,,,,,,,,,,,,,,,,,,,,,,,,,,,,,,,,,,,,,,,,,,,,,,,,,,,,,,,,,,,,,,,,,,,,,,,,,,,,,,,,,,,,,,,,,,,,,,,,,,,,,,,,,,,,,1,2,15,12,17,17,28,30
958240,,,,,,,,,,,,,,,,,,,,,,,,,,,,,,,,,,,,,,,,,,,,,,,,,,,,,,,,,,,,,,,,,,,,,,,,,,,,,,,,,,,,,,,,,,,,,,,,,,,,,,,,,,,,,,,,,,,,,,,,,,,,,,,,,,,
958241,,,,,,,,,,,,,,,,,,,,,,,,,,,,,,,,,,,,,,,,,,,,,,,,,,,,,,,,,,,,,,,,,,,,,,,,,,,,,,,,,,,,,,,,,,,,,,,,,,,,,,,,,,,,,,,,,,,,,,,,,,,,,,,,,,,
958242,,,,,,,,,,,,,,,,,,,,,,,,,,,,,,,,,,,,,,,,,,,,,,,,,,,,,,,,,,,,,,,,,,,,,,,,,,,,,,,,,,,,,,,,,,,,,,,,,,,,,,,,,,,,,,,,,,,,,,,,,,,,,,,,,,,
500418,10,13,0,4,3,2,1,0,2,3,1,1,0,0,0,0,0,0,0,0,0,0,0,0,0,0,,,,,,,,,2,,,1,,,,1,,,1,,,,,,,,,,,,,,,,,,,,,,,,,,,,,,,,,,,,,,,,,,,,,,,,,,,,,,,,,,,,,,,,,,,,,,,,,,,,,,,,,,,,,,
727124,,,,,,,,,,,,,,,,,,,,,,1,1,3,13,17,30,15,5,15,40,75,115,89,136,161,233,312,537,577,804,690,391,474,553,433,434,922,873,1008,1596,1569,1672,1295,2441,1343,1890,838,824,604,519,418,389,264,273,151,202,195,122,119,120,92,101,83,75,76,101,129,107,162,63,127,87,118,122,281,252,437,472,769,333,638,467,1279,400,338,462,466,670,794,1957,1033,1340,1192,1849,651,1997,782,1043,1871,1011,944,467,313,327,617,163,148,145,157,118,80,96,66,83,98,69,73,87,158,173
727122,,,,,,,,,,,,,,,,,,,,,,4,10,14,25,35,46,25,26,39,97,179,292,325,270,406,534,577,776,967,1166,1148,757,790,964,861,764,1431,1208,1288,1712,1708,1701,1120,1739,1141,1511,861,811,602,532,405,389,354,365,211,317,306,188,219,199,217,185,154,175,157,208,293,236,267,193,225,229,300,336,577,512,741,743,1050,738,798,808,1214,732,598,859,939,1192,1334,2008,1414,1633,1558,1942,801,1837,862,955,1202,904,688,533,352,392,541,263,244,263,255,235,190,196,180,218,161,156,153,222,341,306
868483,,,,,,,,,,,,,,,,,,,,,,,,,,,,,,,,,,,,,,,,,,,,,,,,,,,,,,,,,,,,,,,,,,,,,,,,,,,,,,,,,,,,,,,,,,,,,,,,,,,,,,,,,,,,,,,,,,,,,,,,,,,,1,22,59,99,98,149,248,260
727125,,,,,,,,,,,,,,,,,,,,,,3,1,9,12,15,16,14,10,24,50,97,138,148,179,201,305,365,555,585,778,701,364,475,550,483,427,811,660,802,1284,1169,1144,852,1935,915,1182,657,599,478,420,270,315,254,287,173,260,215,161,118,134,106,89,112,88,109,101,142,158,148,68,140,128,134,171,367,225,393,410,543,378,472,513,923,396,352,495,512,573,716,1713,790,1045,951,1212,524,1219,505,708,1087,686,549,403,228,299,549,162,160,163,167,140,108,105,93,108,101,117,104,138,189,160
822564,,,,,,,,,,,,,,,,,,,,,,,,,,,,,,,,,,,,,,,,,,,,,,,,,,,,,,,,,,,,,,,,,,,,,,,,,1,4,5,1,5,4,10,19,13,21,42,40,28,107,81,146,144,331,121,219,182,378,212,237,350,326,402,555,1426,678,667,737,842,563,856,591,540,1255,420,569,299,221,183,368,111,95,85,91,80,40,59,41,40,55,44,40,28,72,60
950400,,,,,,,,,,,,,,,,,,,,,,,,,,,,,,,,,,,,,,,,,,,,,,,,,,,,,,,,,,,,,,,,,,,,,,,,,,,,,,,,,,,,,,,,,,,,,,,,,,,,,,,,,,,,,,,,,,,,,,,,,,,,,,,,,,,
695815,3511,3437,3035,2492,2073,1913,1784,1524,1025,1058,902,601,529,541,514,430,424,319,303,284,327,297,244,296,342,498,144,170,153,231,200,156,219,226,204,243,298,402,389,519,562,499,418,599,557,415,543,684,779,599,652,651,581,580,480,418,341,266,262,181,162,154,162,129,92,98,84,116,87,75,66,65,71,44,26,77,106,90,49,24,38,58,38,37,46,51,49,73,52,55,52,48,52,45,57,55,60,52,40,47,85,49,36,34,39,31,23,29,37,13,12,11,7,8,6,0,5,5,2,1,8,6,4,1,1,3,2,10,2,10,3
689602,1998,2329,2017,1695,1396,1289,1235,1090,831,756,645,448,435,357,329,351,228,268,245,232,198,209,192,168,306,344,123,132,222,181,279,233,256,214,182,254,340,390,353,524,617,566,527,833,824,767,730,1176,1195,1210,1532,1526,1484,1467,1234,1147,963,751,758,564,601,413,374,291,276,229,171,236,150,145,165,126,107,101,157,184,154,255,76,72,115,138,198,123,206,110,116,138,969,257,170,183,247,219,260,267,315,316,299,398,646,538,397,355,317,352,290,304,218,209,147,155,110,113,106,74,58,34,30,53,69,43,16,26,21,32,19,24,28,55,16
442893,4961,5611,4133,2954,2787,2734,1990,1600,923,787,581,480,592,485,453,369,310,305,357,314,359,231,243,263,422,686,411,310,317,335,353,403,567,585,492,700,930,1336,1507,2075,2798,1802,1573,2035,2410,2062,2528,4019,4628,4432,5934,6207,6676,5002,3995,4077,3685,2233,1934,1557,933,971,703,637,588,559,535,540,390,377,365,343,374,281,271,267,368,614,376,370,338,401,423,466,547,789,810,893,1262,1429,1458,1570,1412,1554,1701,1715,2095,2315,2181,3974,5117,4978,5425,4869,6426,4795,5998,4698,4113,3125,2499,1488,1228,948,752,648,485,470,535,549,391,339,332,323,360,337,278,294,423,792,527
921933,,,,,,,,,,,,,,,,,,,,,,,,,,,,,,,,,,,,,,,,,,,,,,,,,,,,,,,,,,,,,,,,,,,,,,,,,,,,,,,,,,,,,,,,,,,,,,,,,,,,,,,,,,,,,,,,,,,,,,,,,,,,,,,,,,,
351097,,,,,,,,,,,,,,,,,,,,,,,,,,,,,,,29,34,41,38,,,,,,,,,,,,,,,,,,,,868,,,,,,,,,,,,,,,,,,,,,,,,,38,48,39,63,67,71,50,88,111,90,81,150,114,99,86,100,53,101,145,119,134,226,392,258,243,226,372,415,277,426,201,319,221,178,149,125,68,86,59,66,59,49,33,40,29,42,36,61,49,36,34,67,85
899760,,,,,,,,,,,,,,,,,,,,,,,,,,,,,,,,,,,,,,,,,,,,,,,,,,,,,,,,,,,,,,,,,,,,,,,,,,,,,,,,,,,,,,,,,,,,,,,,,,,,,,,,,,,,,,,,,,,,,,,,,,,,,,,,,,,
848334,,,,,,,,,,,,,,,,,,,,,,,,,,,,,,,,,,,,,,,,,,,,,,,,,,,,,,,,,,,,,,,,,,,,,,,,,,,,,,,,,,,,,,,,,,,,,,,,,,,,,,,,,,4,59,126,165,151,137,122,127,116,91,86,56,38,59,54,42,35,42,28,37,47,38,30,45,67,76
848337,,,,,,,,,,,,,,,,,,,,,,,,,,,,,,,,,,,,,,,,,,,,,,,,,,,,,,,,,,,,,,,,,,,,,,,,,,,,,,,,,,,,,,,,,,,,,,,,,,,,,,,,,,6,105,260,292,264,208,156,118,93,63,60,44,60,46,51,34,41,35,41,35,44,51,45,50,68,50
614072,,,,,,,,,,,,,,,,,,,,,,,,,,,,,,,,,,,,,,,,,,,,,,,,,,,,,,,,,,,,,,,,,,,,,,,,,,,,,,,,,,,,,,,,,,,,,,,,,,,,,,,,,,,,,,,,,,,,,,,,,,,,,,,,,,,
970479,,,,,,,,,,,,,,,,,,,,,,,,,,,,,,,,,,,,,,,,,,,,,,,,,,,,,,,,,,,,,,,,,,,,,,,,,,,,,,,,,,,,,,,,,,,,,,,,,,,,,,,,,,,,,,,,,,,,,,,,,,,,,,,,,,,
681529,,,,,,,,,,,,,,,,,,,,,,,,,,,,,,,,,,,,,,,,,,,,,,,,,,,,,,,,,,,,,,,,,,,,,,,,,,,,,,,,,,,,,,,,,,,,,,,,,,,,,,,,,,,,,,,,,,,,,,,,,,,,,,,,,,,
683446,,,,,,,,,,,,,,,,,,,,,,,,,,,,,,,,,,,,,,,,,,,,,,,,,,,,,,,,,,,,,,,,,,,,,,,,,,,,,,,,,,,,,,,,,,,,,,,,,,,,,,,,,,,,,,,,,,,,,,,,,,,,,,,,,,,
683438,,,,,,,,,,,,,,,,,,,,,,,,,,,,,,,,,,,,,,,,,,,,,,,,,,,,,,,,,,,,,,,,,,,,,,,,,,,,,,,,,,,,,,,,,,,,,,,,,,,,,,,,,,,,,,,,,,,,,,,,,,,,,,,,,,,
465723,,,,,,,,,,,,,,,,,,,,,,,,,,,,,,,,,,,,,,,,,,,,,,,,,,,,,,,,,,,,,,,,,,,,,,,,,,,,,,,,,,,,,,,,,,,,,,,,,,,,,,,,,,,,,,,,,,,,,,,,,,,,,,,,,,,
871339,,,,,,,,,,,,,,,,,,,,,,,,,,,,,,,,,,,,,,,,,,,,,,,,,,,,,,,,,,,,,,,,,,,,,,,,,,,,,,,,,,,,,,,,,,,,,,,,,,,,,,,,,,,,,,,,,,,,,,,,,,,,,,,,1,140,862,2243
896071,,,,,,,,,,,,,,,,,,,,,,,,,,,,,,,,,,,,,,,,,,,,,,,,,,,,,,,,,,,,,,,,,,,,,,,,,,,,,,,,,,,,,,,,,,,,,,,,,,,,,,,,,,,,,,,,,,,,,,,,,,,,,,,,,,,
699162,,,,,,,,,,,,,,,,,,,,,,,,,,,,,,,,,,,,,,,,,,,,,,,,,,,,,,,,,,,,,,,,,,,,,,,,,,,,,,,,,,,,,,,,,,,,,,,,,,,,,,,,,,,,,,,,,,,,,,,,,,,,,,,,,,,
6205,,,,,,,,,,,,,,,,,,,,,,,,,,,8211,9124,7762,6731,6486,7522,7005,6758,7427,7290,6990,6743,6555,6333,6652,6640,6327,5424,5347,5153,4779,4643,4419,4492,4118,4201,4418,4020,3889,3765,3800,3800,3849,4156,4103,4416,4815,5017,4858,4364,5232,5149,5272,4754,5771,6461,6488,6406,7689,8550,8699,8585,9971,9854,8437,8223,8067,7955,8090,8035,7195,7368,7136,6758,6796,6259,6814,6139,6353,5585,8024,8238,7304,6494,5118,5055,4855,4943,4616,4514,4777,4627,4904,5035,5084,5160,6128,6265,4704,4891,5279,4812,7821,5265,5481,4840,4869,5015,5170,4770,5774,5649,8032,6520,6588
891465,,,,,,,,,,,,,,,,,,,,,,,,,,,,,,,,,,,,,,,,,,,,,,,,,,,,,,,,,,,,,,,,,,,,,,,,,,,,,,,,,,,,,,,,,,,,,,,,,,,,,,,,,,,,,,,,,,,,,,,,,,,,,,,,,,,
277790,,,,,,,,,,,,,,,,,,,,,,,,,,,,,,,,,,,,,,,,,,,,,,,,,,,,,,,,,,,,,,,,,,,,,,,,,,,,,,,,,,,,,,,,,,,,,,,,,,,,,,,,,,,,,,,,,,,,,,,,,,,,,,,,,,,
951553,,,,,,,,,,,,,,,,,,,,,,,,,,,,,,,,,,,,,,,,,,,,,,,,,,,,,,,,,,,,,,,,,,,,,,,,,,,,,,,,,,,,,,,,,,,,,,,,,,,,,,,,,,,,,,,,,,,,,,,,,,,,,,,,,,,
896831,,,,,,,,,,,,,,,,,,,,,,,,,,,,,,,,,,,,,,,,,,,,,,,,,,,,,,,,,,,,,,,,,,,,,,,,,,,,,,,,,,,,,,,,,,,,,,,,,,,,,,,,,,,,,,,,,,,,,,,,,,,,,,,,,,,
950985,,,,,,,,,,,,,,,,,,,,,,,,,,,,,,,,,,,,,,,,,,,,,,,,,,,,,,,,,,,,,,,,,,,,,,,,,,,,,,,,,,,,,,,,,,,,,,,,,,,,,,,,,,,,,,,,,,,,,,,,,,,,,,,,,,,
110973,,,,,,,,,,,,,,,,,,,,,,,,,,,,,,,,,,,,,,,,,,,,,,,,,,,,,,,,,,,,,,,,,,,,,,,,,,,,,,,,,,,,,,,,,,,,,,,,,,,,,,,,,,,,,,,,,,,,,,,,,,,,,,,,,,,
973866,,,,,,,,,,,,,,,,,,,,,,,,,,,,,,,,,,,,,,,,,,,,,,,,,,,,,,,,,,,,,,,,,,,,,,,,,,,,,,,,,,,,,,,,,,,,,,,,,,,,,,,,,,,,,,,,,,,,,,,,,,,,,,,,,,,
457273,844,811,831,792,769,834,842,860,762,745,674,690,594,599,651,593,609,644,592,623,664,627,646,532,558,577,762,653,652,746,698,717,599,696,726,748,680,748,679,627,678,623,603,645,697,597,652,730,749,758,725,668,640,689,678,713,720,655,660,625,588,643,568,622,579,555,580,567,529,556,537,503,532,569,531,533,523,616,683,656,555,629,613,633,678,650,762,736,748,729,746,728,779,706,697,731,692,689,667,776,879,758,820,843,836,909,800,888,880,782,784,783,784,735,770,682,680,735,627,648,613,600,559,595,623,637,616,630,589,668,677
999532,,,,,,,,,,,,,,,,,,,,,,,,,,,,,,,,,,,,,,,,,,,,,,,,,,,,,,,,,,,,,,,,,,,,,,,,,,,,,,,,,,,,,,,,,,,,,,,,,,,,,,,,,,,,,,,,,,,,,,,,,,,,,,,,,,,
908183,,,,,,,,,,,,,,,,,,,,,,,,,,,,,,,,,,,,,,,,,,,,,,,,,,,,,,,,,,,,,,,,,,,,,,,,,,,,,,,,,,,,,,,,,,,,,,,,,,,,,,,,,,,,,,,,,,,,,,,,,,,,,,,,,,,
213140,,,,,,,,,,,,,,,,,,,,,,,,,,,,,,,,,,,,,,,,,,,,,,,,,,,,,,,,,,,,,,,,,,,,,,,,,,,,,,,,,,,,,,,,,,,,,,,,,,,,,,,,,,,,,,,,,,,,,,,,,,,,,,,,,,,
957609,,,,,,,,,,,,,,,,,,,,,,,,,,,,,,,,,,,,,,,,,,,,,,,,,,,,,,,,,,,,,,,,,,,,,,,,,,,,,,,,,,,,,,,,,,,,,,,,,,,,,,,,,,,,,,,,,,,,,,,,,,,,,,,,,,,
689296,596,712,711,704,660,672,723,772,767,791,692,663,692,693,684,638,695,608,667,640,678,575,659,679,735,725,950,933,941,941,890,1017,1021,1128,1003,1041,1043,1081,973,917,937,984,966,1051,964,1135,1187,1046,1029,1106,981,990,1055,1006,936,966,1042,995,1143,1140,1083,1139,1156,1222,1129,1056,1136,1145,1024,973,1112,1305,1318,1111,1105,1039,991,937,1156,1162,1111,1101,1136,1112,1292,1299,1314,1385,1471,1315,1335,970,1239,1250,1303,1137,1489,1061,1166,1035,1291,1009,1271,1121,1069,1060,1064,1007,1066,1163,1288,1055,1126,1130,1124,1196,1089,1071,1054,1094,1106,1107,1010,1132,1046,987,880,1028,993,887,1003
693428,148,245,204,261,241,236,211,210,214,205,231,212,186,219,172,161,201,208,198,220,201,201,223,224,232,211,228,211,186,213,221,218,213,236,232,281,229,272,299,274,265,249,269,237,240,267,255,229,328,355,294,289,313,267,261,304,245,291,284,322,316,307,269,332,268,295,335,272,303,270,291,322,268,256,322,320,320,281,365,377,411,884,995,1036,822,565,454,386,350,338,310,336,280,247,195,126,123,99,111,85,87,79,105,69,82,48,44,46,42,36,41,59,46,31,30,17,27,12,23,22,16,25,13,14,17,11,15,17,14,16,23
957608,,,,,,,,,,,,,,,,,,,,,,,,,,,,,,,,,,,,,,,,,,,,,,,,,,,,,,,,,,,,,,,,,,,,,,,,,,,,,,,,,,,,,,,,,,,,,,,,,,,,,,,,,,,,,,,,,,,,,,,,,,,,,,,,,,,
977523,,,,,,,,,,,,,,,,,,,,,,,,,,,,,,,,,,,,,,,,,,,,,,,,,,,,,,,,,,,,,,,,,,,,,,,,,,,,,,,,,,,,,,,,,,,,,,,,,,,,,,,,,,,,,,,,,,,,,,,,,,,,,,,,,,,
200964,,,,,,,,,,,,,,,,,,,,,,,,,,,,,,,,,,,,,,,,,,,,,,,,,,,,,,,,,,,,,,,,,,,,,,,,,,,,,,,,,,,,,,,,,,,,,,,,,,,,,,,,,,,,,,,,,,,,,,,,,,,,,,,,,,,
868171,,,,,,,,,,,,,,,,,,,,,,,,,,,,,,,,,,,,,,,,,,,,,,,,,,,,,,,,,,,,,,,,,,,,,,,,,,,,,,,,,,,,,,,,,,,,,,,,,,,,,,,,,,,,,,,,,,,,,,,,,,,,,,,,,,,1
320989,,,,,,,,,,,,,,,,,,,,,,,,,,,,,,,,,,,,,,,,,,,,,,,,,,,,,,,,,,,,,,,,,,,,,,,,,,,,,,,,,,,,,,,,,,,,,,,,,,,,,,,,,,,,,,,,,,,,,,,,,,,,,,,,,,,
972687,,,,,,,,,,,,,,,,,,,,,,,,,,,,,,,,,,,,,,,,,,,,,,,,,,,,,,,,,,,,,,,,,,,,,,,,,,,,,,,,,,,,,,,,,,,,,,,,,,,,,,,,,,,,,,,,,,,,,,,,,,,,,,,,,,,
900714,,,,,,,,,,,,,,,,,,,,,,,,,,,,,,,,,,,,,,,,,,,,,,,,,,,,,,,,,,,,,,,,,,,,,,,,,,,,,,,,,,,,,,,,,,,,,,,,,,,,,,,,,,,,,,,,,,,,,,,,,,,,,,,,,,,
727150,,,,,,,,,,,,,,,,,,,,,,,,,,,1,,,,,,,,,,,,,,,,,1,,,,,,,,,,,,,,,,,,,,,,,,,,,,,,,,,,1,,,,,,,,,,,,,,,,,,,,,,,,,,,,,,,,,,,,,,,,,,,,,,,,,,,,,
716887,,,,,,,,,,,,,,,,,,,8,185,505,753,860,824,891,1085,1201,1173,1130,1070,1051,1052,1018,1095,1048,1121,1036,1127,1042,1058,1106,1141,1136,1180,1162,1358,1378,1247,1324,1390,1310,1455,1629,1313,1360,1304,1457,1529,1478,1432,1540,1516,1594,1477,1588,1419,1379,1497,1473,1475,1559,1612,1505,1431,1522,1329,1115,1163,1540,1377,1329,1520,1432,1450,1545,1574,1388,1563,1574,1587,1578,1402,1810,1805,1765,1782,2317,1812,2045,1900,1935,1653,1892,1884,1835,1621,2006,1874,1802,1966,1815,1606,1711,2009,1983,1925,1820,1836,1720,1811,1786,1593,1652,1612,1534,1526,1352,1490,1354,1336,1459
977522,,,,,,,,,,,,,,,,,,,,,,,,,,,,,,,,,,,,,,,,,,,,,,,,,,,,,,,,,,,,,,,,,,,,,,,,,,,,,,,,,,,,,,,,,,,,,,,,,,,,,,,,,,,,,,,,,,,,,,,,,,,,,,,,,,,
460423,1982,1895,1849,1850,1691,1945,1898,1847,1694,1543,1446,1186,1219,1055,973,872,878,799,806,849,775,785,718,685,698,678,869,644,656,754,681,792,784,831,845,877,944,1070,1024,1199,1526,1293,1190,1130,1322,1130,1209,1475,2326,1854,1883,2179,1989,2318,1871,1816,1781,1507,1495,1524,1330,1436,1327,1185,1157,1027,1017,1021,934,833,794,828,768,763,680,631,600,666,1065,739,629,647,631,553,640,743,762,748,788,939,951,906,964,1061,1126,1253,1220,1289,1168,1408,2219,1651,1765,1676,1820,2385,2153,1961,1843,1730,1519,1397,1504,1384,1257,1122,1027,1012,948,944,896,761,724,756,745,776,694,695,661,708,755
732571,,,,,,,,,,,,,,,,,,,,,,,,,,,8,122,232,282,293,340,440,691,928,996,902,851,831,745,743,640,617,562,494,542,530,503,511,502,505,467,637,813,826,821,696,721,676,676,645,713,702,648,632,544,633,575,545,465,492,403,424,370,358,406,456,673,368,346,535,1200,1399,1604,1418,996,917,995,954,826,848,876,725,766,583,472,494,583,604,636,608,610,568,488,498,380,346,457,359,374,352,315,310,279,321,300,298,262,239,210,175,177,157,93,112,94,97,100,105,163,91
815305,,,,,,,,,,,,,,,,,,,,,,,,,,,,,,,,,,,,,,,,,,,,,,,,,,5,27,12,22,19,23,19,16,17,11,8,27,21,17,17,15,26,11,11,11,8,15,6,5,6,14,6,8,9,15,16,5,13,8,8,4,14,10,8,5,11,12,14,7,4,6,10,12,3,5,11,11,7,7,10,9,7,12,6,9,17,3,6,10,6,8,3,7,10,5,5,6,5,6,7,6,6,2,10,3,4,2
957603,,,,,,,,,,,,,,,,,,,,,,,,,,,,,,,,,,,,,,,,,,,,,,,,,,,,,,,,,,,,,,,,,,,,,,,,,,,,,,,,,,,,,,,,,,,,,,,,,,,,,,,,,,,,,,,,,,,,,,,,,,,,,,,,,,,
977521,,,,,,,,,,,,,,,,,,,,,,,,,,,,,,,,,,,,,,,,,,,,,,,,,,,,,,,,,,,,,,,,,,,,,,,,,,,,,,,,,,,,,,,,,,,,,,,,,,,,,,,,,,,,,,,,,,,,,,,,,,,,,,,,,,,
850624,,,,,,,,,,,,,,,,,,,,,,,,,,,,,,,,,,,,,,,,,,,,,,,,,,,,,,,,,,,,,,,,,,,,,,,,,,,,,,,,,,,,,,,,,,,,,,,,,,,,,,,,,,,,,,,,,,,,,,,,,,,,,,,,,,,
402514,1323,1401,1345,1276,1247,1441,1430,1395,1217,1166,1156,819,767,577,446,336,308,281,269,222,218,163,138,119,119,112,196,86,665,1235,1267,1110,763,612,556,514,370,311,336,300,214,173,200,219,245,160,179,196,308,447,678,896,942,970,701,626,600,487,381,319,226,264,164,136,117,85,73,52,57,33,37,35,21,25,18,20,12,16,20,15,42,30,16,29,19,17,25,30,16,31,23,22,31,35,46,52,59,76,69,160,190,152,139,144,165,193,146,120,108,83,71,48,48,30,26,30,13,18,13,7,3,7,0,5,2,,4,2,3,3,4
977518,,,,,,,,,,,,,,,,,,,,,,,,,,,,,,,,,,,,,,,,,,,,,,,,,,,,,,,,,,,,,,,,,,,,,,,,,,,,,,,,,,,,,,,,,,,,,,,,,,,,,,,,,,,,,,,,,,,,,,,,,,,,,,,,,,,
460403,2737,3020,2646,2354,2434,2368,2499,2476,2149,1881,1852,1555,1290,1168,1068,857,789,817,747,711,632,638,664,626,650,659,739,603,616,598,574,651,616,662,722,720,708,758,895,1052,1396,1165,1201,1258,1612,1467,1707,2209,3201,2709,2759,3130,2916,3418,2718,2514,2478,2640,2719,2513,2292,2532,2007,1631,1603,1305,1108,1139,980,962,872,816,807,801,748,694,649,655,835,785,609,665,597,636,707,700,775,776,760,816,985,960,991,1214,1169,1339,1375,1583,1554,2104,3071,2730,2552,2476,3126,3868,3234,3084,2978,3077,3021,2633,2581,2512,2230,1844,1547,1566,1236,1291,1091,979,845,842,823,811,775,748,739,809,833
460400,1982,2201,2029,2001,1999,2140,2141,2248,1958,1803,1818,1581,1346,1208,1313,1083,1075,1121,1033,985,1005,945,1043,929,1009,991,1134,1115,1001,977,924,937,947,1069,1000,987,1029,1085,1054,1205,1327,1341,1212,1206,1489,1329,1452,1798,2265,2029,2008,2257,2300,2561,2221,2130,2158,2178,2209,2013,1813,2101,1765,1381,1473,1290,1206,1191,1101,1126,1050,1060,992,955,1002,945,903,951,1061,975,816,952,912,867,992,919,985,989,953,1053,1096,1077,1166,1205,1261,1333,1321,1427,1291,1696,2338,2028,2046,2083,2331,2761,2499,2500,2331,2338,2198,2051,2102,1896,1790,1693,1398,1412,1246,1192,1118,1132,1032,1060,1037,966,942,936,930,971,1095
237741,,,,,,,,,,,,,,,,,,,,,,,,,,,,,,,,,,,,,,,,,,,,,,,,,,,,,,,,,,,,,,,,,,,,,,,,,,,,,,,,,,,,,,,,,,,,,,,,,,,,,,,,,,,,,,,,,,,,,,,,,,,,,,,,,,,
237755,,,,,,,,,,,,,,,,,,,,,,,,,,,,,,,,,,,,,,,,,,,,,,,,,,,,,,,,,,,,,,,,,,,,,,,,,,,,,,,,,,,,,,,,,,,,,,,,,,,,,,,,,,,,,,,,,,,,,,,,,,,,,,,,,,,
936447,,,,,,,,,,,,,,,,,,,,,,,,,,,,,,,,,,,,,,,,,,,,,,,,,,,,,,,,,,,,,,,,,,,,,,,,,,,,,,,,,,,,,,,,,,,,,,,,,,,,,,,,,,,,,,,,,,,,,,,,,,,,,,,,,,,
936445,,,,,,,,,,,,,,,,,,,,,,,,,,,,,,,,,,,,,,,,,,,,,,,,,,,,,,,,,,,,,,,,,,,,,,,,,,,,,,,,,,,,,,,,,,,,,,,,,,,,,,,,,,,,,,,,,,,,,,,,,,,,,,,,,,,
936448,,,,,,,,,,,,,,,,,,,,,,,,,,,,,,,,,,,,,,,,,,,,,,,,,,,,,,,,,,,,,,,,,,,,,,,,,,,,,,,,,,,,,,,,,,,,,,,,,,,,,,,,,,,,,,,,,,,,,,,,,,,,,,,,,,,
957606,,,,,,,,,,,,,,,,,,,,,,,,,,,,,,,,,,,,,,,,,,,,,,,,,,,,,,,,,,,,,,,,,,,,,,,,,,,,,,,,,,,,,,,,,,,,,,,,,,,,,,,,,,,,,,,,,,,,,,,,,,,,,,,,,,,
308266,5886,5904,4933,4349,4067,4122,3878,3959,2899,2203,2185,1733,1754,1482,1327,1295,1297,1172,1208,1208,1169,1324,1118,1040,1174,1245,1429,1051,1077,1118,1194,1252,1238,1406,1410,1472,1622,2036,1860,2701,3731,2303,2084,2396,3849,2651,2887,4300,7522,4754,5351,6298,5196,7351,4687,4702,4372,3700,3640,3266,2534,2577,2405,1838,1750,1700,1496,1450,1385,1278,1304,1255,1220,1510,1163,1125,1116,1343,1881,1106,1096,1228,1191,1129,1196,1418,1667,1590,1559,2161,2427,2107,2598,3226,3147,3514,3070,3007,2651,4540,9514,5028,4365,4248,5677,7375,6328,5942,4840,4431,3491,3045,2837,2393,2298,1957,1725,1678,1527,1545,1426,1256,1202,1276,1175,1550,1159,1126,1224,1362,1386
875470,,,,,,,,,,,,,,,,,,,,,,,,,,,,,,,,,,,,,,,,,,,,,,,,,,,,,,,,,,,,,,,,,,,,,,,,,,,,,,,,,,,,,,,,,,,,,,,,,,,,,,,,,,,,,,,,,,,,,,,,,,,,,,,,,,,
480957,478,554,601,553,534,579,540,462,442,470,432,387,339,351,317,311,304,273,313,268,246,221,276,249,289,244,319,348,339,311,321,321,292,349,373,399,476,489,525,545,594,633,542,521,505,497,459,557,705,705,716,716,711,789,723,713,723,712,709,682,598,540,520,542,450,461,452,414,320,269,229,298,327,277,284,247,239,253,358,359,280,263,290,278,290,340,366,403,436,458,505,474,485,591,509,493,587,579,547,680,636,714,750,741,719,666,681,363,701,633,581,617,548,498,380,406,393,355,328,343,326,263,272,260,267,259,323,260,256,271,309
249816,1178,1238,1365,1220,1299,1374,1355,1276,1191,1243,1229,1184,1114,1079,1064,986,916,948,904,901,850,803,905,845,805,674,797,878,789,786,801,823,695,848,800,899,871,859,912,889,932,951,984,975,1112,1030,1050,1100,988,958,982,962,937,1066,1086,1062,1107,1143,1182,1182,1116,1087,974,979,943,865,972,900,873,775,825,844,805,751,876,777,772,767,944,1059,846,866,824,843,910,918,1005,1061,1043,1058,1145,1002,1131,1154,1105,1115,1093,1130,1109,1167,1267,1336,1458,1349,1284,1302,1378,841,1353,1370,1289,1405,1331,1312,1135,1145,1088,1080,1072,1075,1026,883,896,924,866,825,969,842,809,922,862
488681,322,370,322,363,358,352,268,248,222,268,262,272,254,249,239,236,254,254,298,287,263,196,283,262,274,236,289,374,274,319,329,305,343,347,352,358,339,414,404,434,519,544,495,522,511,505,465,499,646,659,622,710,716,631,642,621,581,629,562,658,575,506,452,513,478,463,562,445,461,370,408,400,400,329,400,391,349,344,409,498,287,328,325,387,473,471,494,535,611,747,675,643,504,529,718,534,495,520,408,461,550,512,558,533,619,609,617,539,572,573,523,479,525,552,426,435,443,516,524,519,441,490,371,385,528,316,410,371,385,455,418
327095,479,563,633,583,570,605,628,586,518,536,532,442,438,420,427,345,347,327,340,328,334,303,331,293,301,296,366,373,350,335,326,346,274,360,385,406,372,403,433,417,466,498,427,452,512,489,502,476,445,483,476,490,482,533,547,535,543,533,493,531,440,520,440,427,442,397,385,373,365,312,362,359,330,309,338,272,280,295,485,333,327,300,296,324,348,327,351,398,417,386,415,366,403,416,436,440,435,458,461,444,478,502,584,552,555,573,615,460,540,587,491,578,502,506,472,433,441,395,372,375,350,321,339,302,299,276,302,275,306,288,338
920128,,,,,,,,,,,,,,,,,,,,,,,,,,,,,,,,,,,,,,,,,,,,,,,,,,,,,,,,,,,,,,,,,,,,,,,,,,,,,,,,,,,,,,,,,,,,,,,,,,,,,,,,,,,,,,,,,,,,,,,,,,,,,,,,,,,
926426,,,,,,,,,,,,,,,,,,,,,,,,,,,,,,,,,,,,,,,,,,,,,,,,,,,,,,,,,,,,,,,,,,,,,,,,,,,,,,,,,,,,,,,,,,,,,,,,,,,,,,,,,,,,,,,,,,,,,,,,,,,,,,,,,,,
926425,,,,,,,,,,,,,,,,,,,,,,,,,,,,,,,,,,,,,,,,,,,,,,,,,,,,,,,,,,,,,,,,,,,,,,,,,,,,,,,,,,,,,,,,,,,,,,,,,,,,,,,,,,,,,,,,,,,,,,,,,,,,,,,,,,,
943901,,,,,,,,,,,,,,,,,,,,,,,,,,,,,,,,,,,,,,,,,,,,,,,,,,,,,,,,,,,,,,,,,,,,,,,,,,,,,,,,,,,,,,,,,,,,,,,,,,,,,,,,,,,,,,,,,,,,,,,,,,,,,,,,,,,
919082,,,,,,,,,,,,,,,,,,,,,,,,,,,,,,,,,,,,,,,,,,,,,,,,,,,,,,,,,,,,,,,,,,,,,,,,,,,,,,,,,,,,,,,,,,,,,,,,,,,,,,,,,,,,,,,,,,,,,,,,,,,,,,,,,,,
908126,,,,,,,,,,,,,,,,,,,,,,,,,,,,,,,,,,,,,,,,,,,,,,,,,,,,,,,,,,,,,,,,,,,,,,,,,,,,,,,,,,,,,,,,,,,,,,,,,,,,,,,,,,,,,,,,,,,,,,,,,,,,,,,,,,,
122649,1419,1286,1340,1238,1231,1296,1896,1327,1312,1219,984,1062,1058,1173,1305,1244,1318,1288,1271,1336,1362,1306,1342,1205,1329,1282,1377,1318,1314,1229,1197,1290,1344,1236,1216,1465,1400,1484,1471,1470,1520,1407,1792,1299,1203,1562,1165,1315,1141,1260,1435,1311,1328,1140,1199,1142,1202,1160,1182,1221,1172,1229,1260,1174,1187,1175,1289,1201,1189,1226,1093,1133,1182,1066,1094,1043,1070,1124,1197,1217,1070,1053,1046,1117,1190,1175,1076,1216,1223,1290,1314,1189,1135,1217,1235,1092,1229,1228,1239,1246,1163,1335,1346,1423,1358,1214,1255,1265,1243,1316,1230,1207,1238,1277,1145,1103,1189,1175,1208,1192,1159,1051,1080,1182,1139,1006,1181,1174,1170,1436,1272
559682,1232,1062,1112,1075,1040,1089,1637,1071,1047,1073,978,1014,1006,971,1063,945,1064,1009,1058,1054,1134,1034,996,1025,1121,999,1125,1152,1047,955,954,951,1034,958,987,1117,1141,1202,1047,1052,1009,902,1170,1105,1180,1581,1111,1266,1306,1306,1253,1233,1238,1108,1197,1133,1112,1105,1164,1309,1126,1080,1077,1087,1098,1039,1188,1013,1085,1064,971,1027,1045,946,985,995,978,977,1032,1091,935,966,899,940,1059,985,915,1036,1065,1230,1187,977,944,1111,1074,1029,1079,1150,1103,1246,1113,1270,1298,1279,1122,1008,1108,986,1125,1030,1017,1056,1183,1163,1022,1012,962,947,1014,1005,1002,959,911,913,887,937,922,933,952,1046,965
867042,,,,,,,,,,,,,,,,,,,,,,,,,,,,,,,,,,,,,,,,,,,,,,,,,,,,,,,,,,,,,,,,,,,,,,,,,,,,,,,,,,,,,,,,,,,,,,,,,,,,,,,,,,,,,,,,,,,,,,,,,,,,,,,,,,,
903988,,,,,,,,,,,,,,,,,,,,,,,,,,,,,,,,,,,,,,,,,,,,,,,,,,,,,,,,,,,,,,,,,,,,,,,,,,,,,,,,,,,,,,,,,,,,,,,,,,,,,,,,,,,,,,,,,,,,,,,,,,,,,,,,,,,
867043,,,,,,,,,,,,,,,,,,,,,,,,,,,,,,,,,,,,,,,,,,,,,,,,,,,,,,,,,,,,,,,,,,,,,,,,,,,,,,,,,,,,,,,,,,,,,,,,,,,,,,,,,,,,,,,,,,,,,,,,,,,,,,,,,,,
840476,,,,,,,,,,,,,,,,,,,,,,,,,,,,,,,,,,,,,,,,,,,,,,,,,,,,,,,,,,,,,,,,,,,,,,,,,,,,,,,,,,,,,,,,,,,,,,,,,,,,,,,,,,,,,,,,,,,,,,,,,,,,,,,,,,,
313666,1965,1760,1395,1407,1412,1422,1373,1311,1368,1498,1154,1444,1383,1449,1467,1339,1567,1360,1393,1347,1363,1396,1410,1368,1428,1502,1292,1483,1444,1337,1294,1443,1447,1471,1861,1567,1503,1614,1607,1462,1590,1750,1660,1603,1680,1660,2108,1702,1757,1704,1694,1713,1940,2098,2099,2041,1994,2275,1567,1609,1583,2402,1882,1993,1806,1896,1745,1916,1574,1542,1629,1967,1614,1682,1712,1655,2076,1768,1492,1757,1778,1699,1835,1624,1704,1609,2063,1739,1569,1694,1595,1870,1559,1446,1464,1462,1530,1727,1381,1408,1439,1387,1815,1327,1812,1014,1311,1218,1288,1362,1484,1706,1350,1375,1217,1246,1320,1128,1297,1475,1341,1271,1291,1396,1313,1334,1308,1415,1440,1618,1394
225490,1568,1493,919,955,932,1020,1021,1122,1115,1100,975,1178,1157,1259,1200,1138,1509,1224,1065,1144,1106,1147,1100,1210,1158,1339,1009,1562,1198,1164,1119,1175,1210,1267,1675,1304,1286,1235,1213,1019,1291,1281,1305,1297,1341,1352,1982,1388,1379,1299,1387,1445,1421,1980,1835,1832,1777,2042,1238,1314,1258,2309,1846,1834,1818,1701,1507,1808,1254,1349,1302,1765,1274,1420,1316,1366,2069,1379,1187,1387,1413,1689,1662,1265,1349,1386,1763,1375,1322,1265,1424,1916,1431,1355,1440,1335,1432,1950,1404,1427,1565,1458,2203,1495,2087,1166,1491,1377,1520,1558,1724,1802,1625,1641,1494,1356,1593,1334,1379,1706,1449,1464,1499,1660,1458,1627,1453,1527,1658,1768,1612
226209,1027,1085,577,507,553,552,563,626,601,611,416,639,616,595,626,601,684,532,569,536,600,540,586,619,660,631,465,865,768,689,578,653,694,652,888,749,690,610,668,405,676,685,662,701,711,669,1062,734,747,673,678,685,722,1027,1036,1086,1084,1222,643,666,472,1485,1104,1113,990,933,793,948,615,610,644,959,633,665,667,688,1153,694,521,829,854,874,908,760,671,710,929,692,628,541,710,922,628,712,708,624,651,975,685,679,649,640,1206,632,1058,420,651,624,642,701,756,970,781,754,653,602,678,590,581,792,664,697,719,813,803,647,722,817,762,847,801
226373,1528,1483,980,905,850,888,853,959,921,964,701,1055,942,965,1002,924,1164,1051,955,938,941,835,975,1017,1020,1074,761,1426,1061,1019,960,1011,1044,1045,1451,1048,990,969,970,697,992,1020,955,1012,1068,1100,1638,1069,1111,1023,954,988,1143,1643,1603,1526,1509,1676,980,1031,763,1945,1442,1592,1447,1372,1174,1013,859,923,950,1368,1010,871,939,1030,1844,980,833,1255,1215,1266,1289,988,1028,983,1301,1033,916,845,1072,1257,841,891,952,847,897,1390,867,850,908,920,1584,795,1538,570,821,870,872,924,1025,1466,982,1018,883,767,940,753,773,801,781,802,876,1116,858,827,966,996,1063,1075,910
226522,1247,1254,873,730,778,739,837,798,833,855,540,928,813,813,897,795,965,747,831,864,867,716,804,865,834,871,602,955,858,877,763,808,808,813,1003,928,829,776,816,575,762,859,837,841,815,896,1242,848,854,866,793,848,920,1263,1272,1123,1192,1402,815,877,671,1571,1158,1343,1187,1160,1008,798,746,819,810,1056,787,734,794,888,1366,763,644,1058,942,1091,1012,821,772,756,1020,766,697,754,818,1016,776,755,792,695,836,1076,825,738,754,787,1253,736,1219,531,687,758,738,772,878,1143,889,823,680,667,806,587,685,619,686,694,742,746,733,709,737,819,814,859,766
313667,1191,1074,970,964,958,890,863,918,876,937,838,943,956,892,934,902,1039,932,913,941,904,924,858,947,1016,1068,927,1018,891,917,895,956,997,939,1146,992,978,998,1072,904,1025,1097,1052,1002,1130,1056,1497,1105,1000,1068,1092,1097,1174,1403,1263,1321,1298,1443,1029,1045,946,1546,1273,1281,1358,1234,1138,1107,987,1037,1017,1256,989,1067,980,1047,1491,1138,1027,1133,1063,1153,1201,1035,1074,1023,1202,1027,1031,923,1001,1170,917,927,923,860,965,1148,873,918,863,903,1274,882,1245,681,882,803,877,871,995,1194,922,942,868,813,910,755,781,845,738,866,913,943,846,859,839,927,916,1015,969
