Prime Item Nbr,Prime Item Desc,Item Type,Item Status,Whse Align,Consumer ID,Fineline,Unit Retail,Unit Cost,MU %,Est. POS Store Count,POS Qty,POS Sales,Current Traited Store Cnt,Current Repl Store Cnt,Current Instock Store Cnt,Curr On Order Qty,Curr On Hand Qty,Curr In Transit Qty,Instock %,WM Week
4000909,ERO EAR WAX KIT,20,A,AS,665606,1560,$2.97 ,$1.48 ,50.17%,3411,9327,27998.1,0,0,0,0,0,0,0.989676,201412
4000909,ERO EAR WAX KIT,20,A,AS,665606,1560,$2.97 ,$1.48 ,50.17%,3440,9643,28897.46,0,0,0,0,0,0,0.987718,201413
4000909,ERO EAR WAX KIT,20,A,AS,665606,1560,$2.97 ,$1.48 ,50.17%,3445,9447,28326.71,0,0,0,0,0,0,0.985749,201414
4000909,ERO EAR WAX KIT,20,A,AS,665606,1560,$2.97 ,$1.48 ,50.17%,3454,9238,27667.44,0,0,0,0,0,0,0.982826,201415
4000909,ERO EAR WAX KIT,20,A,AS,665606,1560,$2.97 ,$1.48 ,50.17%,3442,8885,26602.39,0,0,0,0,0,0,0.977968,201416
4000909,ERO EAR WAX KIT,20,A,AS,665606,1560,$2.97 ,$1.48 ,50.17%,3477,9099,27237.46,0,0,0,0,0,0,0.953255,201417
4000909,ERO EAR WAX KIT,20,A,AS,665606,1560,$2.97 ,$1.48 ,50.17%,3543,9652,28854.99,0,0,0,0,0,0,0.975789,201418
4000909,ERO EAR WAX KIT,20,A,AS,665606,1560,$2.97 ,$1.48 ,50.17%,3576,9993,29887.25,0,0,0,0,0,0,0.973864,201419
4000909,ERO EAR WAX KIT,20,A,AS,665606,1560,$2.97 ,$1.48 ,50.17%,3600,10150,30349.06,0,0,0,0,0,0,0.973633,201420
4000909,ERO EAR WAX KIT,20,A,AS,665606,1560,$2.97 ,$1.48 ,50.17%,3543,9952,29825.47,0,0,0,0,0,0,0.977799,201421
4000909,ERO EAR WAX KIT,20,A,AS,665606,1560,$2.97 ,$1.48 ,50.17%,3613,10291,30719.17,0,0,0,0,0,0,0.973158,201422
4000909,ERO EAR WAX KIT,20,A,AS,665606,1560,$2.97 ,$1.48 ,50.17%,3614,10111,30246.09,0,0,0,0,0,0,0.973639,201423
4000909,ERO EAR WAX KIT,20,A,AS,665606,1560,$2.97 ,$1.48 ,50.17%,3590,10010,29995.24,0,0,0,0,0,0,0.978599,201424
4000909,ERO EAR WAX KIT,20,A,AS,665606,1560,$2.97 ,$1.48 ,50.17%,3543,9709,29117.73,0,0,0,0,0,0,0.978134,201425
4000909,ERO EAR WAX KIT,20,A,AS,665606,1560,$2.97 ,$1.48 ,50.17%,3581,9735,29209.22,0,0,0,0,0,0,0.976693,201426
4000909,ERO EAR WAX KIT,20,A,AS,665606,1560,$2.97 ,$1.48 ,50.17%,3555,9650,28892.11,0,0,0,0,0,0,0.982541,201427
4000909,ERO EAR WAX KIT,20,A,AS,665606,1560,$2.97 ,$1.48 ,50.17%,3546,9576,28692.48,0,0,0,0,0,0,0.980435,201428
4000909,ERO EAR WAX KIT,20,A,AS,665606,1560,$2.97 ,$1.48 ,50.17%,3576,9277,27794.34,0,0,0,0,0,0,0.982883,201429
4000909,ERO EAR WAX KIT,20,A,AS,665606,1560,$2.97 ,$1.48 ,50.17%,3574,9510,28487.02,0,0,0,0,0,0,0.97999,201430
4000909,ERO EAR WAX KIT,20,A,AS,665606,1560,$2.97 ,$1.48 ,50.17%,3596,9494,28403.66,0,0,0,0,0,0,0.980955,201431
4000909,ERO EAR WAX KIT,20,A,AS,665606,1560,$2.97 ,$1.48 ,50.17%,3555,9375,28097.03,0,0,0,0,0,0,0.97881,201432
4000909,ERO EAR WAX KIT,20,A,AS,665606,1560,$2.97 ,$1.48 ,50.17%,3509,9078,27242.25,0,0,0,0,0,0,0.983875,201433
4000909,ERO EAR WAX KIT,20,A,AS,665606,1560,$2.97 ,$1.48 ,50.17%,3472,8752,26214.77,0,0,0,0,0,0,0.985329,201434
4000909,ERO EAR WAX KIT,20,A,AS,665606,1560,$2.97 ,$1.48 ,50.17%,3540,9236,27765.13,0,0,0,0,0,0,0.980058,201435
4000909,ERO EAR WAX KIT,20,A,AS,665606,1560,$2.97 ,$1.48 ,50.17%,3487,8775,26319.44,0,0,0,0,0,0,0.974562,201436
4000909,ERO EAR WAX KIT,20,A,AS,665606,1560,$2.97 ,$1.48 ,50.17%,3490,8709,26163.9,0,0,0,0,0,0,0.974359,201437
4000909,ERO EAR WAX KIT,20,A,AS,665606,1560,$2.97 ,$1.48 ,50.17%,3467,8561,25664.39,0,0,0,0,0,0,0.970588,201438
4000909,ERO EAR WAX KIT,20,A,AS,665606,1560,$2.97 ,$1.48 ,50.17%,3451,8333,25048.17,0,0,0,0,0,0,0.981358,201439
4000909,ERO EAR WAX KIT,20,A,AS,665606,1560,$2.97 ,$1.48 ,50.17%,3498,8954,26911.34,0,0,0,0,0,0,0.974976,201440
4000909,ERO EAR WAX KIT,20,A,AS,665606,1560,$2.97 ,$1.48 ,50.17%,3492,8714,26168.24,0,0,0,0,0,0,0.980687,201441
4000909,ERO EAR WAX KIT,20,A,AS,665606,1560,$2.97 ,$1.48 ,50.17%,3431,8294,24895.77,0,0,0,0,0,0,0.978313,201442
4000909,ERO EAR WAX KIT,20,A,AS,665606,1560,$2.97 ,$1.48 ,50.17%,3373,7916,23731.83,0,0,0,0,0,0,0.976406,201443
4000909,ERO EAR WAX KIT,20,A,AS,665606,1560,$2.97 ,$1.48 ,50.17%,3558,9239,27765.84,0,0,0,0,0,0,0.968549,201444
4000909,ERO EAR WAX KIT,20,A,AS,665606,1560,$2.97 ,$1.48 ,50.17%,3569,9074,27223.32,0,0,0,0,0,0,0.979082,201445
4000909,ERO EAR WAX KIT,20,A,AS,665606,1560,$2.97 ,$1.48 ,50.17%,3486,9019,27027.63,0,0,0,0,0,0,0.968906,201446
4000909,ERO EAR WAX KIT,20,A,AS,665606,1560,$2.97 ,$1.48 ,50.17%,3385,7773,23293.53,0,0,0,0,0,0,0.963913,201447
4000909,ERO EAR WAX KIT,20,A,AS,665606,1560,$2.97 ,$1.48 ,50.17%,3610,9567,28711.93,0,0,0,0,0,0,0.934236,201448
4000909,ERO EAR WAX KIT,20,A,AS,665606,1560,$2.97 ,$1.48 ,50.17%,3550,9017,27110.13,0,0,0,0,0,0,0.961011,201449
4000909,ERO EAR WAX KIT,20,A,AS,665606,1560,$2.97 ,$1.48 ,50.17%,3645,9737,29148.85,0,0,0,0,0,0,0.963662,201450
4000909,ERO EAR WAX KIT,20,A,AS,665606,1560,$2.97 ,$1.48 ,50.17%,3614,9899,29634.33,0,0,0,0,0,0,0.96318,201451
4000909,ERO EAR WAX KIT,20,A,AS,665606,1560,$2.97 ,$1.48 ,50.17%,3613,9734,29150.9,0,0,0,0,0,0,0.965959,201452
4000909,ERO EAR WAX KIT,20,A,AS,665606,1560,$2.97 ,$1.48 ,50.17%,3697,10525,31530.27,0,0,0,0,0,0,0.938433,201501
4000909,ERO EAR WAX KIT,20,A,AS,665606,1560,$2.97 ,$1.48 ,50.17%,3695,10530,31564.79,0,0,0,0,0,0,0.957789,201502
4000909,ERO EAR WAX KIT,20,A,AS,665606,1560,$2.97 ,$1.48 ,50.17%,3674,9741,29159.22,0,0,0,0,0,0,0.9571,201503
4000909,ERO EAR WAX KIT,20,A,AS,665606,1560,$2.97 ,$1.48 ,50.17%,3711,10240,30661.74,0,0,0,0,0,0,0.955478,201504
4000909,ERO EAR WAX KIT,20,A,AS,665606,1560,$2.97 ,$1.48 ,50.17%,3697,10418,31133.62,0,0,0,0,0,0,0.959739,201505
4000909,ERO EAR WAX KIT,20,A,AS,665606,1560,$2.97 ,$1.48 ,50.17%,3760,10661,31964.6,0,0,0,0,0,0,0.953321,201506
4000909,ERO EAR WAX KIT,20,A,AS,665606,1560,$2.97 ,$1.48 ,50.17%,3689,10380,31179.62,0,0,0,0,0,0,0.970246,201507
4000909,ERO EAR WAX KIT,20,A,AS,665606,1560,$2.97 ,$1.48 ,50.17%,3734,10733,32127.04,0,0,0,0,0,0,0.972125,201508
4000909,ERO EAR WAX KIT,20,A,AS,665606,1560,$2.97 ,$1.48 ,50.17%,3681,10258,30718.09,0,0,0,0,0,0,0.972371,201509
4000909,ERO EAR WAX KIT,20,A,AS,665606,1560,$2.97 ,$1.48 ,50.17%,3678,10168,30431.26,0,0,0,0,0,0,0.975627,201510
4000909,ERO EAR WAX KIT,20,A,AS,665606,1560,$2.97 ,$1.48 ,50.17%,3739,10528,31583.99,4489,4486,4295,265,19056,2336,0.957423,201511
4000909,ERO EAR WAX KIT,20,A,AS,665606,1560,$2.97 ,$1.48 ,50.17%,1264,1558,4652.92,0,0,0,0,0,0,0.957423,201512
550168489,EQ EARWAX KIT,33,A,AS,9113516,1560,$5.88 ,$1.48 ,74.83%,2526,4198,24745.88,0,0,0,0,0,0,0.986606,201412
550168489,EQ EARWAX KIT,33,A,AS,9113516,1560,$5.88 ,$1.48 ,74.83%,2598,4394,25922.95,0,0,0,0,0,0,0.981588,201413
550168489,EQ EARWAX KIT,33,A,AS,9113516,1560,$5.88 ,$1.48 ,74.83%,2546,4317,25453.78,0,0,0,0,0,0,0.973458,201414
550168489,EQ EARWAX KIT,33,A,AS,9113516,1560,$5.88 ,$1.48 ,74.83%,2542,4330,25554.2,0,0,0,0,0,0,0.969675,201415
550168489,EQ EARWAX KIT,33,A,AS,9113516,1560,$5.88 ,$1.48 ,74.83%,2495,4073,24006.02,0,0,0,0,0,0,0.965213,201416
550168489,EQ EARWAX KIT,33,A,AS,9113516,1560,$5.88 ,$1.48 ,74.83%,2479,4050,23880.05,0,0,0,0,0,0,0.950691,201417
550168489,EQ EARWAX KIT,33,A,AS,9113516,1560,$5.88 ,$1.48 ,74.83%,2652,4495,26509.9,0,0,0,0,0,0,0.976905,201418
550168489,EQ EARWAX KIT,33,A,AS,9113516,1560,$5.88 ,$1.48 ,74.83%,2739,4694,27670.84,0,0,0,0,0,0,0.971456,201419
550168489,EQ EARWAX KIT,33,A,AS,9113516,1560,$5.88 ,$1.48 ,74.83%,2680,4747,28003.17,0,0,0,0,0,0,0.972427,201420
550168489,EQ EARWAX KIT,33,A,AS,9113516,1560,$5.88 ,$1.48 ,74.83%,2646,4558,26873.18,0,0,0,0,0,0,0.973384,201421
550168489,EQ EARWAX KIT,33,A,AS,9113516,1560,$5.88 ,$1.48 ,74.83%,2689,4647,27381.35,0,0,0,0,0,0,0.977662,201422
550168489,EQ EARWAX KIT,33,A,AS,9113516,1560,$5.88 ,$1.48 ,74.83%,2637,4488,26451.53,0,0,0,0,0,0,0.967688,201423
550168489,EQ EARWAX KIT,33,A,AS,9113516,1560,$5.88 ,$1.48 ,74.83%,2631,4514,26574.1,0,0,0,0,0,0,0.978462,201424
550168489,EQ EARWAX KIT,33,A,AS,9113516,1560,$5.88 ,$1.48 ,74.83%,2626,4392,25911.78,0,0,0,0,0,0,0.975875,201425
550168489,EQ EARWAX KIT,33,A,AS,9113516,1560,$5.88 ,$1.48 ,74.83%,2536,4196,24717.3,0,0,0,0,0,0,0.973995,201426
550168489,EQ EARWAX KIT,33,A,AS,9113516,1560,$5.88 ,$1.48 ,74.83%,2603,4357,25647.88,0,0,0,0,0,0,0.976623,201427
550168489,EQ EARWAX KIT,33,A,AS,9113516,1560,$5.88 ,$1.48 ,74.83%,2590,4299,25350.15,0,0,0,0,0,0,0.984008,201428
550168489,EQ EARWAX KIT,33,A,AS,9113516,1560,$5.88 ,$1.48 ,74.83%,2581,4188,24697.57,0,0,0,0,0,0,0.980981,201429
550168489,EQ EARWAX KIT,33,A,AS,9113516,1560,$5.88 ,$1.48 ,74.83%,2541,4168,24578.61,0,0,0,0,0,0,0.97723,201430
550168489,EQ EARWAX KIT,33,A,AS,9113516,1560,$5.88 ,$1.48 ,74.83%,2514,4046,23848.36,0,0,0,0,0,0,0.980282,201431
550168489,EQ EARWAX KIT,33,A,AS,9113516,1560,$5.88 ,$1.48 ,74.83%,2523,4082,24040.9,0,0,0,0,0,0,0.984763,201432
550168489,EQ EARWAX KIT,33,A,AS,9113516,1560,$5.88 ,$1.48 ,74.83%,2469,3976,23454.22,0,0,0,0,0,0,0.982185,201433
550168489,EQ EARWAX KIT,33,A,AS,9113516,1560,$5.88 ,$1.48 ,74.83%,2437,3930,23154.86,0,0,0,0,0,0,0.983833,201434
550168489,EQ EARWAX KIT,33,A,AS,9113516,1560,$5.88 ,$1.48 ,74.83%,2476,3962,23385.92,0,0,0,0,0,0,0.986189,201435
550168489,EQ EARWAX KIT,33,A,AS,9113516,1560,$5.88 ,$1.48 ,74.83%,2444,3811,22463.58,0,0,0,0,0,0,0.986205,201436
550168489,EQ EARWAX KIT,33,A,AS,9113516,1560,$5.88 ,$1.48 ,74.83%,2505,4008,23644.48,0,0,0,0,0,0,0.986452,201437
550168489,EQ EARWAX KIT,33,A,AS,9113516,1560,$5.88 ,$1.48 ,74.83%,2434,3821,22487.37,0,0,0,0,0,0,0.986946,201438
550168489,EQ EARWAX KIT,33,A,AS,9113516,1560,$5.88 ,$1.48 ,74.83%,2476,3851,22707.9,0,0,0,0,0,0,0.987643,201439
550168489,EQ EARWAX KIT,33,A,AS,9113516,1560,$5.88 ,$1.48 ,74.83%,2431,3891,22954.62,0,0,0,0,0,0,0.988145,201440
550168489,EQ EARWAX KIT,33,A,AS,9113516,1560,$5.88 ,$1.48 ,74.83%,2378,3658,21536.42,0,0,0,0,0,0,0.987674,201441
550168489,EQ EARWAX KIT,33,A,AS,9113516,1560,$5.88 ,$1.48 ,74.83%,2295,3533,20853.01,0,0,0,0,0,0,0.988377,201442
550168489,EQ EARWAX KIT,33,A,AS,9113516,1560,$5.88 ,$1.48 ,74.83%,2211,3249,19157.14,0,0,0,0,0,0,0.983725,201443
550168489,EQ EARWAX KIT,33,A,AS,9113516,1560,$5.88 ,$1.48 ,74.83%,2479,3849,22691.17,0,0,0,0,0,0,0.988377,201444
550168489,EQ EARWAX KIT,33,A,AS,9113516,1560,$5.88 ,$1.48 ,74.83%,2453,3869,22821.27,0,0,0,0,0,0,0.986552,201445
550168489,EQ EARWAX KIT,33,A,AS,9113516,1560,$5.88 ,$1.48 ,74.83%,2461,3963,23338.17,0,0,0,0,0,0,0.981246,201446
550168489,EQ EARWAX KIT,33,A,AS,9113516,1560,$5.88 ,$1.48 ,74.83%,2293,3435,20226.72,0,0,0,0,0,0,0.972673,201447
550168489,EQ EARWAX KIT,33,A,AS,9113516,1560,$5.88 ,$1.48 ,74.83%,2601,4370,25770.36,0,0,0,0,0,0,0.964104,201448
550168489,EQ EARWAX KIT,33,A,AS,9113516,1560,$5.88 ,$1.48 ,74.83%,2543,4070,23978.38,0,0,0,0,0,0,0.966574,201449
550168489,EQ EARWAX KIT,33,A,AS,9113516,1560,$5.88 ,$1.48 ,74.83%,2533,4218,24812.26,0,0,0,0,0,0,0.973757,201450
550168489,EQ EARWAX KIT,33,A,AS,9113516,1560,$5.88 ,$1.48 ,74.83%,2648,4540,26728.78,0,0,0,0,0,0,0.982376,201451
550168489,EQ EARWAX KIT,33,A,AS,9113516,1560,$5.88 ,$1.48 ,74.83%,2600,4266,25139.94,0,0,0,0,0,0,0.982025,201452
550168489,EQ EARWAX KIT,33,A,AS,9113516,1560,$5.88 ,$1.48 ,74.83%,2653,4540,26782.87,0,0,0,0,0,0,0.980655,201501
550168489,EQ EARWAX KIT,33,A,AS,9113516,1560,$5.88 ,$1.48 ,74.83%,2781,4868,28701.5,0,0,0,0,0,0,0.982476,201502
550168489,EQ EARWAX KIT,33,A,AS,9113516,1560,$5.88 ,$1.48 ,74.83%,2561,4478,26382.94,0,0,0,0,0,0,0.973379,201503
550168489,EQ EARWAX KIT,33,A,AS,9113516,1560,$5.88 ,$1.48 ,74.83%,2755,4765,28070.22,0,0,0,0,0,0,0.97475,201504
550168489,EQ EARWAX KIT,33,A,AS,9113516,1560,$5.88 ,$1.48 ,74.83%,2776,4898,28834.2,0,0,0,0,0,0,0.967749,201505
550168489,EQ EARWAX KIT,33,A,AS,9113516,1560,$5.88 ,$1.48 ,74.83%,2795,4940,29070.93,0,0,0,0,0,0,0.964189,201506
550168489,EQ EARWAX KIT,33,A,AS,9113516,1560,$5.88 ,$1.48 ,74.83%,2816,4925,29015.08,0,0,0,0,0,0,0.95736,201507
550168489,EQ EARWAX KIT,33,A,AS,9113516,1560,$5.88 ,$1.48 ,74.83%,2728,4617,27203.28,0,0,0,0,0,0,0.968495,201508
550168489,EQ EARWAX KIT,33,A,AS,9113516,1560,$5.88 ,$1.48 ,74.83%,2723,4626,27212.15,0,0,0,0,0,0,0.974161,201509
550168489,EQ EARWAX KIT,33,A,AS,9113516,1560,$5.88 ,$1.48 ,74.83%,2639,4351,25591.53,0,0,0,0,0,0,0.980459,201510
550168489,EQ EARWAX KIT,33,A,AS,9113516,1560,$5.88 ,$1.48 ,74.83%,2680,4624,27035.29,4334,4334,4252,5784,21920,1520,0.98108,201511
550168489,EQ EARWAX KIT,33,A,AS,9113516,1560,$5.88 ,$1.48 ,74.83%,591,627,3673.1,0,0,0,0,0,0,0.98108,201512
550210106,EQ EAR DRY,33,A,AS,10097707,1561,$1.97 ,$0.81 ,58.88%,2381,4823,9533.56,0,0,0,0,0,0,0.99428,201412
550210106,EQ EAR DRY,33,A,AS,10097707,1561,$1.97 ,$0.81 ,58.88%,2558,5714,11284.5,0,0,0,0,0,0,0.995232,201413
550210106,EQ EAR DRY,33,A,AS,10097707,1561,$1.97 ,$0.81 ,58.88%,2698,6443,12704,0,0,0,0,0,0,0.994276,201414
550210106,EQ EAR DRY,33,A,AS,10097707,1561,$1.97 ,$0.81 ,58.88%,2824,7055,13920.2,0,0,0,0,0,0,0.993094,201415
550210106,EQ EAR DRY,33,A,AS,10097707,1561,$1.97 ,$0.81 ,58.88%,3030,8887,17534.53,0,0,0,0,0,0,0.991916,201416
550210106,EQ EAR DRY,33,A,AS,10097707,1561,$1.97 ,$0.81 ,58.88%,3398,13037,25710.81,0,0,0,0,0,0,0.990492,201417
550210106,EQ EAR DRY,33,A,AS,10097707,1561,$1.97 ,$0.81 ,58.88%,3522,14153,27922.76,0,0,0,0,0,0,0.984319,201418
550210106,EQ EAR DRY,33,A,AS,10097707,1561,$1.97 ,$0.81 ,58.88%,3523,13981,27582.81,0,0,0,0,0,0,0.978163,201419
550210106,EQ EAR DRY,33,A,AS,10097707,1561,$1.97 ,$0.81 ,58.88%,3712,19772,40360.56,0,0,0,0,0,0,0.989564,201420
550210106,EQ EAR DRY,33,A,AS,10097707,1561,$1.97 ,$0.81 ,58.88%,3701,21830,49337.25,0,0,0,0,0,0,0.985535,201421
550210106,EQ EAR DRY,33,A,AS,10097707,1561,$1.97 ,$0.81 ,58.88%,3806,23613,53840.34,0,0,0,0,0,0,0.987903,201422
550210106,EQ EAR DRY,33,A,AS,10097707,1561,$1.97 ,$0.81 ,58.88%,3784,20293,45114.01,0,0,0,0,0,0,0.986249,201423
550210106,EQ EAR DRY,33,A,AS,10097707,1561,$1.97 ,$0.81 ,58.88%,3762,18275,36364.74,0,0,0,0,0,0,0.983219,201424
550210106,EQ EAR DRY,33,A,AS,10097707,1561,$1.97 ,$0.81 ,58.88%,3617,14435,28484.55,0,0,0,0,0,0,0.977552,201425
550210106,EQ EAR DRY,33,A,AS,10097707,1561,$1.97 ,$0.81 ,58.88%,3532,13086,25811.38,0,0,0,0,0,0,0.978512,201426
550210106,EQ EAR DRY,33,A,AS,10097707,1561,$1.97 ,$0.81 ,58.88%,3382,10447,20621.78,0,0,0,0,0,0,0.980896,201427
550210106,EQ EAR DRY,33,A,AS,10097707,1561,$1.97 ,$0.81 ,58.88%,3197,8571,16894.39,0,0,0,0,0,0,0.978618,201428
550210106,EQ EAR DRY,33,A,AS,10097707,1561,$1.97 ,$0.81 ,58.88%,2959,7001,13814.91,0,0,0,0,0,0,0.984756,201429
550210106,EQ EAR DRY,33,A,AS,10097707,1561,$1.97 ,$0.81 ,58.88%,2907,6696,13215.36,0,0,0,0,0,0,0.987101,201430
550210106,EQ EAR DRY,33,A,AS,10097707,1561,$1.97 ,$0.81 ,58.88%,2843,6291,12416.62,0,0,0,0,0,0,0.990854,201431
550210106,EQ EAR DRY,33,A,AS,10097707,1561,$1.97 ,$0.81 ,58.88%,2535,4876,9617.97,0,0,0,0,0,0,0.991801,201432
550210106,EQ EAR DRY,33,A,AS,10097707,1561,$1.97 ,$0.81 ,58.88%,2255,4479,8841.26,0,0,0,0,0,0,0.988053,201433
550210106,EQ EAR DRY,33,A,AS,10097707,1561,$1.97 ,$0.81 ,58.88%,2168,3738,7378.17,0,0,0,0,0,0,0.9904,201434
550210106,EQ EAR DRY,33,A,AS,10097707,1561,$1.97 ,$0.81 ,58.88%,2144,3630,7162.93,0,0,0,0,0,0,0.993216,201435
550210106,EQ EAR DRY,33,A,AS,10097707,1561,$1.97 ,$0.81 ,58.88%,2090,3463,6839.13,0,0,0,0,0,0,0.99486,201436
550210106,EQ EAR DRY,33,A,AS,10097707,1561,$1.97 ,$0.81 ,58.88%,2065,3384,6685.57,0,0,0,0,0,0,0.99533,201437
550210106,EQ EAR DRY,33,A,AS,10097707,1561,$1.97 ,$0.81 ,58.88%,2013,3237,6390.54,0,0,0,0,0,0,0.994175,201438
550210106,EQ EAR DRY,33,A,AS,10097707,1561,$1.97 ,$0.81 ,58.88%,1934,2963,5849.72,0,0,0,0,0,0,0.992776,201439
550210106,EQ EAR DRY,33,A,AS,10097707,1561,$1.97 ,$0.81 ,58.88%,1880,2834,5604.8,0,0,0,0,0,0,0.993725,201440
550210106,EQ EAR DRY,33,A,AS,10097707,1561,$1.97 ,$0.81 ,58.88%,1893,2926,5776.83,0,0,0,0,0,0,0.99186,201441
550210106,EQ EAR DRY,33,A,AS,10097707,1561,$1.97 ,$0.81 ,58.88%,1772,2697,5322.96,0,0,0,0,0,0,0.988377,201442
550210106,EQ EAR DRY,33,A,AS,10097707,1561,$1.97 ,$0.81 ,58.88%,1720,2585,5100.62,0,0,0,0,0,0,0.987445,201443
550210106,EQ EAR DRY,33,A,AS,10097707,1561,$1.97 ,$0.81 ,58.88%,1814,2705,5345.11,0,0,0,0,0,0,0.987215,201444
550210106,EQ EAR DRY,33,A,AS,10097707,1561,$1.97 ,$0.81 ,58.88%,1870,2801,5528.25,0,0,0,0,0,0,0.986555,201445
550210106,EQ EAR DRY,33,A,AS,10097707,1561,$1.97 ,$0.81 ,58.88%,1749,2638,5214.18,0,0,0,0,0,0,0.985648,201446
550210106,EQ EAR DRY,33,A,AS,10097707,1561,$1.97 ,$0.81 ,58.88%,1450,2132,4215.02,0,0,0,0,0,0,0.980783,201447
550210106,EQ EAR DRY,33,A,AS,10097707,1561,$1.97 ,$0.81 ,58.88%,1759,2777,5487.62,0,0,0,0,0,0,0.975457,201448
550210106,EQ EAR DRY,33,A,AS,10097707,1561,$1.97 ,$0.81 ,58.88%,1670,2573,5078.97,0,0,0,0,0,0,0.977645,201449
550210106,EQ EAR DRY,33,A,AS,10097707,1561,$1.97 ,$0.81 ,58.88%,1737,2710,5359.21,0,0,0,0,0,0,0.984807,201450
550210106,EQ EAR DRY,33,A,AS,10097707,1561,$1.97 ,$0.81 ,58.88%,1849,2896,5723.03,0,0,0,0,0,0,0.981003,201451
550210106,EQ EAR DRY,33,A,AS,10097707,1561,$1.97 ,$0.81 ,58.88%,1847,3047,6020.93,0,0,0,0,0,0,0.98589,201452
550210106,EQ EAR DRY,33,A,AS,10097707,1561,$1.97 ,$0.81 ,58.88%,2019,3499,6904.48,0,0,0,0,0,0,0.982009,201501
550210106,EQ EAR DRY,33,A,AS,10097707,1561,$1.97 ,$0.81 ,58.88%,2150,3686,7271.64,0,0,0,0,0,0,0.977904,201502
550210106,EQ EAR DRY,33,A,AS,10097707,1561,$1.97 ,$0.81 ,58.88%,2134,3586,7082.4,0,0,0,0,0,0,0.981549,201503
550210106,EQ EAR DRY,33,A,AS,10097707,1561,$1.97 ,$0.81 ,58.88%,2210,3783,7466.27,0,0,0,0,0,0,0.97586,201504
550210106,EQ EAR DRY,33,A,AS,10097707,1561,$1.97 ,$0.81 ,58.88%,2291,4071,8042.08,0,0,0,0,0,0,0.969084,201505
550210106,EQ EAR DRY,33,A,AS,10097707,1561,$1.97 ,$0.81 ,58.88%,2436,4433,8750.56,0,0,0,0,0,0,0.964156,201506
550210106,EQ EAR DRY,33,A,AS,10097707,1561,$1.97 ,$0.81 ,58.88%,2497,4829,9528.19,0,0,0,0,0,0,0.962097,201507
550210106,EQ EAR DRY,33,A,AS,10097707,1561,$1.97 ,$0.81 ,58.88%,2500,4898,9665.82,0,0,0,0,0,0,0.988203,201508
550210106,EQ EAR DRY,33,A,AS,10097707,1561,$1.97 ,$0.81 ,58.88%,2656,5795,11415.82,0,0,0,0,0,0,0.989564,201509
550210106,EQ EAR DRY,33,A,AS,10097707,1561,$1.97 ,$0.81 ,58.88%,2650,6045,11910.99,0,0,0,0,0,0,0.99252,201510
550210106,EQ EAR DRY,33,A,AS,10097707,1561,$1.97 ,$0.81 ,58.88%,2750,5979,11779.76,4539,4414,4388,4376,169360,1520,0.99411,201511
550210106,EQ EAR DRY,33,A,AS,10097707,1561,$1.97 ,$0.81 ,58.88%,764,967,1899.84,0,0,0,0,0,0,0.99411,201512
550803669,MIRACLE EYE SERUM,33,A,AS,16222396,1502,$4.97 ,$2.25 ,54.73%,0,0,0,0,0,0,0,0,0,0,201504
550803669,MIRACLE EYE SERUM,33,A,AS,16222396,1502,$4.97 ,$2.25 ,54.73%,0,0,0,0,0,0,0,0,0,0,201505
550803669,MIRACLE EYE SERUM,33,A,AS,16222396,1502,$4.97 ,$2.25 ,54.73%,0,0,0,0,0,0,0,0,0,0,201506
550803669,MIRACLE EYE SERUM,33,A,AS,16222396,1502,$4.97 ,$2.25 ,54.73%,0,0,0,0,0,0,0,0,0,0,201507
550803669,MIRACLE EYE SERUM,33,A,AS,16222396,1502,$4.97 ,$2.25 ,54.73%,0,0,0,0,0,0,0,0,0,0,201508
550803669,MIRACLE EYE SERUM,33,A,AS,16222396,1502,$4.97 ,$2.25 ,54.73%,0,0,0,0,0,0,0,0,0,0,201509
550803669,MIRACLE EYE SERUM,33,A,AS,16222396,1502,$4.97 ,$2.25 ,54.73%,0,0,0,0,0,0,0,0,0,0,201510
550803669,MIRACLE EYE SERUM,33,A,AS,16222396,1502,$4.97 ,$2.25 ,54.73%,1,1,4.97,893,5,0,1596,4718,4044,0,201511
550803669,MIRACLE EYE SERUM,33,A,AS,16222396,1502,$4.97 ,$2.25 ,54.73%,2,2,9.94,0,0,0,0,0,0,0,201512
551118810,CHIGGERX 2X,33,A,AS,665577,3512,$2.97 ,$1.78 ,40.07%,1834,3634,10794.56,0,0,0,0,0,0,0.962706,201412
551118810,CHIGGERX 2X,33,A,AS,665577,3512,$2.97 ,$1.78 ,40.07%,2037,4237,12576.66,0,0,0,0,0,0,0.950561,201413
551118810,CHIGGERX 2X,33,A,AS,665577,3512,$2.97 ,$1.78 ,40.07%,2191,4835,14350.77,0,0,0,0,0,0,0.932361,201414
551118810,CHIGGERX 2X,33,A,AS,665577,3512,$2.97 ,$1.78 ,40.07%,2469,6027,17889.3,0,0,0,0,0,0,0.944643,201415
551118810,CHIGGERX 2X,33,A,AS,665577,3512,$2.97 ,$1.78 ,40.07%,2553,7002,20786.8,0,0,0,0,0,0,0.956429,201416
551118810,CHIGGERX 2X,33,A,AS,665577,3512,$2.97 ,$1.78 ,40.07%,3005,10451,31025.69,0,0,0,0,0,0,0.91742,201417
551118810,CHIGGERX 2X,33,A,AS,665577,3512,$2.97 ,$1.78 ,40.07%,3263,14865,44134.54,0,0,0,0,0,0,0.9598,201418
551118810,CHIGGERX 2X,33,A,AS,665577,3512,$2.97 ,$1.78 ,40.07%,3312,15676,46540.07,0,0,0,0,0,0,0.951747,201419
551118810,CHIGGERX 2X,33,A,AS,665577,3512,$2.97 ,$1.78 ,40.07%,3334,17821,52910.1,0,0,0,0,0,0,0.953941,201420
551118810,CHIGGERX 2X,33,A,AS,665577,3512,$2.97 ,$1.78 ,40.07%,3478,22854,67862.5,0,0,0,0,0,0,0.973166,201421
551118810,CHIGGERX 2X,33,A,AS,665577,3512,$2.97 ,$1.78 ,40.07%,3614,23032,68403.28,0,0,0,0,0,0,0.958225,201422
551118810,CHIGGERX 2X,33,A,AS,665577,3512,$2.97 ,$1.78 ,40.07%,3581,22428,66598.99,0,0,0,0,0,0,0.903157,201423
551118810,CHIGGERX 2X,33,A,AS,665577,3512,$2.97 ,$1.78 ,40.07%,3479,16734,49694.35,0,0,0,0,0,0,0.943958,201424
551118810,CHIGGERX 2X,33,A,AS,665577,3512,$2.97 ,$1.78 ,40.07%,3445,16391,48669.77,0,0,0,0,0,0,0.941176,201425
551118810,CHIGGERX 2X,33,A,AS,665577,3512,$2.97 ,$1.78 ,40.07%,3383,14867,44150.04,0,0,0,0,0,0,0.929634,201426
551118810,CHIGGERX 2X,33,A,AS,665577,3512,$2.97 ,$1.78 ,40.07%,3379,13619,40440.04,0,0,0,0,0,0,0.935142,201427
551118810,CHIGGERX 2X,33,A,AS,665577,3512,$2.97 ,$1.78 ,40.07%,3239,11593,34423.13,0,0,0,0,0,0,0.922932,201428
551118810,CHIGGERX 2X,33,A,AS,665577,3512,$2.97 ,$1.78 ,40.07%,3232,11565,34337.23,0,0,0,0,0,0,0.950293,201429
551118810,CHIGGERX 2X,33,A,AS,665577,3512,$2.97 ,$1.78 ,40.07%,3201,11071,32877.51,0,0,0,0,0,0,0.953586,201430
551118810,CHIGGERX 2X,33,A,AS,665577,3512,$2.97 ,$1.78 ,40.07%,3211,11536,34254.72,0,0,0,0,0,0,0.93177,201431
551118810,CHIGGERX 2X,33,A,AS,665577,3512,$2.97 ,$1.78 ,40.07%,2991,9427,27995.01,0,0,0,0,0,0,0.958363,201432
551118810,CHIGGERX 2X,33,A,AS,665577,3512,$2.97 ,$1.78 ,40.07%,2775,7988,23722.48,0,0,0,0,0,0,0.954854,201433
551118810,CHIGGERX 2X,33,A,AS,665577,3512,$2.97 ,$1.78 ,40.07%,2801,7829,23248.09,0,0,0,0,0,0,0.945756,201434
551118810,CHIGGERX 2X,33,A,AS,665577,3512,$2.97 ,$1.78 ,40.07%,2757,7378,21901.97,0,0,0,0,0,0,0.937631,201435
551118810,CHIGGERX 2X,33,A,AS,665577,3512,$2.97 ,$1.78 ,40.07%,2464,5390,16003.23,0,0,0,0,0,0,0.945183,201436
551118810,CHIGGERX 2X,33,A,AS,665577,3512,$2.97 ,$1.78 ,40.07%,2170,4402,13074.76,0,0,0,0,0,0,0.942904,201437
551118810,CHIGGERX 2X,33,A,AS,665577,3512,$2.97 ,$1.78 ,40.07%,1953,3569,10592.92,0,0,0,0,0,0,0.925797,201438
551118810,CHIGGERX 2X,33,A,AS,665577,3512,$2.97 ,$1.78 ,40.07%,1819,3056,9076.97,0,0,0,0,0,0,0.926761,201439
551118810,CHIGGERX 2X,33,A,AS,665577,3512,$2.97 ,$1.78 ,40.07%,1507,2298,6822.7,0,0,0,0,0,0,0.940454,201440
551118810,CHIGGERX 2X,33,A,AS,665577,3512,$2.97 ,$1.78 ,40.07%,1297,1903,5651.46,0,0,0,0,0,0,0.94927,201441
551118810,CHIGGERX 2X,33,A,AS,665577,3512,$2.97 ,$1.78 ,40.07%,1075,1518,4509.21,0,0,0,0,0,0,0.961806,201442
551118810,CHIGGERX 2X,33,A,AS,665577,3512,$2.97 ,$1.78 ,40.07%,1084,1489,4421.41,0,0,0,0,0,0,0.967354,201443
551118810,CHIGGERX 2X,33,A,AS,665577,3512,$2.97 ,$1.78 ,40.07%,1209,1714,5088.24,0,0,0,0,0,0,0.974098,201444
551118810,CHIGGERX 2X,33,A,AS,665577,3512,$2.97 ,$1.78 ,40.07%,1143,1618,4806.51,0,0,0,0,0,0,0.976031,201445
551118810,CHIGGERX 2X,33,A,AS,665577,3512,$2.97 ,$1.78 ,40.07%,1065,1510,4482.36,0,0,0,0,0,0,0.970852,201446
551118810,CHIGGERX 2X,33,A,AS,665577,3512,$2.97 ,$1.78 ,40.07%,923,1262,3742.36,0,0,0,0,0,0,0.967631,201447
551118810,CHIGGERX 2X,33,A,AS,665577,3512,$2.97 ,$1.78 ,40.07%,1123,1626,4830.79,0,0,0,0,0,0,0.96809,201448
551118810,CHIGGERX 2X,33,A,AS,665577,3512,$2.97 ,$1.78 ,40.07%,1046,1490,4421.92,0,0,0,0,0,0,0.973102,201449
551118810,CHIGGERX 2X,33,A,AS,665577,3512,$2.97 ,$1.78 ,40.07%,981,1293,3840.33,0,0,0,0,0,0,0.96504,201450
551118810,CHIGGERX 2X,33,A,AS,665577,3512,$2.97 ,$1.78 ,40.07%,1061,1481,4399.02,0,0,0,0,0,0,0.970277,201451
551118810,CHIGGERX 2X,33,A,AS,665577,3512,$2.97 ,$1.78 ,40.07%,1042,1439,4273.06,0,0,0,0,0,0,0.966465,201452
551118810,CHIGGERX 2X,33,A,AS,665577,3512,$2.97 ,$1.78 ,40.07%,1089,1570,4665.67,0,0,0,0,0,0,0.969812,201501
551118810,CHIGGERX 2X,33,A,AS,665577,3512,$2.97 ,$1.78 ,40.07%,1160,1648,4883.77,0,0,0,0,0,0,0.970943,201502
551118810,CHIGGERX 2X,33,A,AS,665577,3512,$2.97 ,$1.78 ,40.07%,1010,1405,4171.78,0,0,0,0,0,0,0.972955,201503
551118810,CHIGGERX 2X,33,A,AS,665577,3512,$2.97 ,$1.78 ,40.07%,1109,1592,4729.29,0,0,0,0,0,0,0.982346,201504
551118810,CHIGGERX 2X,33,A,AS,665577,3512,$2.97 ,$1.78 ,40.07%,1141,1682,4996.74,0,0,0,0,0,0,0.979037,201505
551118810,CHIGGERX 2X,33,A,AS,665577,3512,$2.97 ,$1.78 ,40.07%,1400,2025,6017.16,0,0,0,0,0,0,0.973749,201506
551118810,CHIGGERX 2X,33,A,AS,665577,3512,$2.97 ,$1.78 ,40.07%,1493,2305,6848.24,0,0,0,0,0,0,0.963858,201507
551118810,CHIGGERX 2X,33,A,AS,665577,3512,$2.97 ,$1.78 ,40.07%,1624,2592,7678.12,0,0,0,0,0,0,0.953025,201508
551118810,CHIGGERX 2X,33,A,AS,665577,3512,$2.97 ,$1.78 ,40.07%,1732,2885,8565.99,0,0,0,0,0,0,0.957235,201509
551118810,CHIGGERX 2X,33,A,AS,665577,3512,$2.97 ,$1.78 ,40.07%,1932,3471,10311.28,0,0,0,0,0,0,0.959256,201510
551118810,CHIGGERX 2X,33,A,AS,665577,3512,$2.97 ,$1.78 ,40.07%,2137,4037,11995.48,4520,4517,4333,9904,31927,1552,0.959265,201511
551118810,CHIGGERX 2X,33,A,AS,665577,3512,$2.97 ,$1.78 ,40.07%,529,672,1996.66,0,0,0,0,0,0,0.959265,201512
551118811,EQ 3X ANTI SPRAY,33,A,AS,11653150,3539,$5.97 ,$3.42 ,42.71%,2200,3742,22331.81,0,0,0,0,0,0,0.974067,201412
551118811,EQ 3X ANTI SPRAY,33,A,AS,11653150,3539,$5.97 ,$3.42 ,42.71%,2198,3796,22652.66,0,0,0,0,0,0,0.952259,201413
551118811,EQ 3X ANTI SPRAY,33,A,AS,11653150,3539,$5.97 ,$3.42 ,42.71%,2189,3839,22869.54,0,0,0,0,0,0,0.933258,201414
551118811,EQ 3X ANTI SPRAY,33,A,AS,11653150,3539,$5.97 ,$3.42 ,42.71%,2178,3726,22227.36,0,0,0,0,0,0,0.957495,201415
551118811,EQ 3X ANTI SPRAY,33,A,AS,11653150,3539,$5.97 ,$3.42 ,42.71%,2326,4188,24987.88,0,0,0,0,0,0,0.96807,201416
551118811,EQ 3X ANTI SPRAY,33,A,AS,11653150,3539,$5.97 ,$3.42 ,42.71%,2484,4737,28228.08,0,0,0,0,0,0,0.961886,201417
551118811,EQ 3X ANTI SPRAY,33,A,AS,11653150,3539,$5.97 ,$3.42 ,42.71%,2602,5113,30473.64,0,0,0,0,0,0,0.97292,201418
551118811,EQ 3X ANTI SPRAY,33,A,AS,11653150,3539,$5.97 ,$3.42 ,42.71%,2478,4909,29324.09,0,0,0,0,0,0,0.971823,201419
551118811,EQ 3X ANTI SPRAY,33,A,AS,11653150,3539,$5.97 ,$3.42 ,42.71%,2555,4965,29628.5,0,0,0,0,0,0,0.978053,201420
551118811,EQ 3X ANTI SPRAY,33,A,AS,11653150,3539,$5.97 ,$3.42 ,42.71%,2572,4991,29761.85,0,0,0,0,0,0,0.985951,201421
551118811,EQ 3X ANTI SPRAY,33,A,AS,11653150,3539,$5.97 ,$3.42 ,42.71%,2645,5456,32571.16,0,0,0,0,0,0,0.983708,201422
551118811,EQ 3X ANTI SPRAY,33,A,AS,11653150,3539,$5.97 ,$3.42 ,42.71%,2617,5307,31696.35,0,0,0,0,0,0,0.971934,201423
551118811,EQ 3X ANTI SPRAY,33,A,AS,11653150,3539,$5.97 ,$3.42 ,42.71%,2591,4928,29432.78,0,0,0,0,0,0,0.975671,201424
551118811,EQ 3X ANTI SPRAY,33,A,AS,11653150,3539,$5.97 ,$3.42 ,42.71%,2476,4733,28282.53,0,0,0,0,0,0,0.974302,201425
551118811,EQ 3X ANTI SPRAY,33,A,AS,11653150,3539,$5.97 ,$3.42 ,42.71%,2472,4595,27446.53,0,0,0,0,0,0,0.973199,201426
551118811,EQ 3X ANTI SPRAY,33,A,AS,11653150,3539,$5.97 ,$3.42 ,42.71%,2516,4757,28450.45,0,0,0,0,0,0,0.975467,201427
551118811,EQ 3X ANTI SPRAY,33,A,AS,11653150,3539,$5.97 ,$3.42 ,42.71%,2350,4266,25471.54,0,0,0,0,0,0,0.977235,201428
551118811,EQ 3X ANTI SPRAY,33,A,AS,11653150,3539,$5.97 ,$3.42 ,42.71%,2399,4315,25766.18,0,0,0,0,0,0,0.976976,201429
551118811,EQ 3X ANTI SPRAY,33,A,AS,11653150,3539,$5.97 ,$3.42 ,42.71%,2362,4280,25557.88,0,0,0,0,0,0,0.977273,201430
551118811,EQ 3X ANTI SPRAY,33,A,AS,11653150,3539,$5.97 ,$3.42 ,42.71%,2402,4329,25849.41,0,0,0,0,0,0,0.976738,201431
551118811,EQ 3X ANTI SPRAY,33,A,AS,11653150,3539,$5.97 ,$3.42 ,42.71%,2300,3945,23558.09,0,0,0,0,0,0,0.989218,201432
551118811,EQ 3X ANTI SPRAY,33,A,AS,11653150,3539,$5.97 ,$3.42 ,42.71%,2198,3723,22225.56,0,0,0,0,0,0,0.988118,201433
551118811,EQ 3X ANTI SPRAY,33,A,AS,11653150,3539,$5.97 ,$3.42 ,42.71%,2185,3614,21600.84,0,0,0,0,0,0,0.983154,201434
551118811,EQ 3X ANTI SPRAY,33,A,AS,11653150,3539,$5.97 ,$3.42 ,42.71%,2200,3650,21798.53,0,0,0,0,0,0,0.987852,201435
551118811,EQ 3X ANTI SPRAY,33,A,AS,11653150,3539,$5.97 ,$3.42 ,42.71%,2120,3625,21661.08,0,0,0,0,0,0,0.98649,201436
551118811,EQ 3X ANTI SPRAY,33,A,AS,11653150,3539,$5.97 ,$3.42 ,42.71%,2104,3408,20359.41,0,0,0,0,0,0,0.985954,201437
551118811,EQ 3X ANTI SPRAY,33,A,AS,11653150,3539,$5.97 ,$3.42 ,42.71%,2004,3277,19578.25,0,0,0,0,0,0,0.977759,201438
551118811,EQ 3X ANTI SPRAY,33,A,AS,11653150,3539,$5.97 ,$3.42 ,42.71%,1998,3156,18851.71,0,0,0,0,0,0,0.973915,201439
551118811,EQ 3X ANTI SPRAY,33,A,AS,11653150,3539,$5.97 ,$3.42 ,42.71%,1869,2849,17012.5,0,0,0,0,0,0,0.979212,201440
551118811,EQ 3X ANTI SPRAY,33,A,AS,11653150,3539,$5.97 ,$3.42 ,42.71%,1827,2700,16137.45,0,0,0,0,0,0,0.980575,201441
551118811,EQ 3X ANTI SPRAY,33,A,AS,11653150,3539,$5.97 ,$3.42 ,42.71%,1757,2550,15231.37,0,0,0,0,0,0,0.979497,201442
551118811,EQ 3X ANTI SPRAY,33,A,AS,11653150,3539,$5.97 ,$3.42 ,42.71%,1730,2534,15146.62,0,0,0,0,0,0,0.97403,201443
551118811,EQ 3X ANTI SPRAY,33,A,AS,11653150,3539,$5.97 ,$3.42 ,42.71%,1782,2635,15756.74,0,0,0,0,0,0,0.975403,201444
551118811,EQ 3X ANTI SPRAY,33,A,AS,11653150,3539,$5.97 ,$3.42 ,42.71%,1712,2421,14429.57,0,0,0,0,0,0,0.982289,201445
551118811,EQ 3X ANTI SPRAY,33,A,AS,11653150,3539,$5.97 ,$3.42 ,42.71%,1717,2452,14649.27,0,0,0,0,0,0,0.979864,201446
551118811,EQ 3X ANTI SPRAY,33,A,AS,11653150,3539,$5.97 ,$3.42 ,42.71%,1693,2415,14436.18,0,0,0,0,0,0,0.979586,201447
551118811,EQ 3X ANTI SPRAY,33,A,AS,11653150,3539,$5.97 ,$3.42 ,42.71%,1841,2785,16623.49,0,0,0,0,0,0,0.974959,201448
551118811,EQ 3X ANTI SPRAY,33,A,AS,11653150,3539,$5.97 ,$3.42 ,42.71%,1769,2635,15755.88,0,0,0,0,0,0,0.96886,201449
551118811,EQ 3X ANTI SPRAY,33,A,AS,11653150,3539,$5.97 ,$3.42 ,42.71%,1757,2682,16037.61,0,0,0,0,0,0,0.975385,201450
551118811,EQ 3X ANTI SPRAY,33,A,AS,11653150,3539,$5.97 ,$3.42 ,42.71%,1833,2780,16604.75,0,0,0,0,0,0,0.969632,201451
551118811,EQ 3X ANTI SPRAY,33,A,AS,11653150,3539,$5.97 ,$3.42 ,42.71%,1815,2697,16115.02,0,0,0,0,0,0,0.977861,201452
551118811,EQ 3X ANTI SPRAY,33,A,AS,11653150,3539,$5.97 ,$3.42 ,42.71%,1938,3037,18150.35,0,0,0,0,0,0,0.975467,201501
551118811,EQ 3X ANTI SPRAY,33,A,AS,11653150,3539,$5.97 ,$3.42 ,42.71%,2020,3247,19382.57,0,0,0,0,0,0,0.966667,201502
551118811,EQ 3X ANTI SPRAY,33,A,AS,11653150,3539,$5.97 ,$3.42 ,42.71%,1967,3090,18457.65,0,0,0,0,0,0,0.958422,201503
551118811,EQ 3X ANTI SPRAY,33,A,AS,11653150,3539,$5.97 ,$3.42 ,42.71%,1965,3109,18571.77,0,0,0,0,0,0,0.946205,201504
551118811,EQ 3X ANTI SPRAY,33,A,AS,11653150,3539,$5.97 ,$3.42 ,42.71%,2021,3086,18434.35,0,0,0,0,0,0,0.936968,201505
551118811,EQ 3X ANTI SPRAY,33,A,AS,11653150,3539,$5.97 ,$3.42 ,42.71%,2119,3432,20496.68,0,0,0,0,0,0,0.911749,201506
551118811,EQ 3X ANTI SPRAY,33,A,AS,11653150,3539,$5.97 ,$3.42 ,42.71%,2176,3698,22071.88,0,0,0,0,0,0,0.937035,201507
551118811,EQ 3X ANTI SPRAY,33,A,AS,11653150,3539,$5.97 ,$3.42 ,42.71%,2201,3721,22194.84,0,0,0,0,0,0,0.936571,201508
551118811,EQ 3X ANTI SPRAY,33,A,AS,11653150,3539,$5.97 ,$3.42 ,42.71%,2280,4011,23952.28,0,0,0,0,0,0,0.934235,201509
551118811,EQ 3X ANTI SPRAY,33,A,AS,11653150,3539,$5.97 ,$3.42 ,42.71%,2282,3929,23464.48,0,0,0,0,0,0,0.941426,201510
551118811,EQ 3X ANTI SPRAY,33,A,AS,11653150,3539,$5.97 ,$3.42 ,42.71%,2382,4119,24590.89,3776,3776,3537,8128,16738,1492,0.936706,201511
551118811,EQ 3X ANTI SPRAY,33,A,AS,11653150,3539,$5.97 ,$3.42 ,42.71%,562,640,3821.21,0,0,0,0,0,0,0.936706,201512
551567603,EQ COLD/HOT NO MESS,20,A,AS,12688486,2042,$3.83 ,$1.85 ,51.70%,3523,10138,38847.91,0,0,0,0,0,0,0.981214,201412
551567603,EQ COLD/HOT NO MESS,20,A,AS,12688486,2042,$3.83 ,$1.85 ,51.70%,3580,10963,42000.3,0,0,0,0,0,0,0.98219,201413
551567603,EQ COLD/HOT NO MESS,20,A,AS,12688486,2042,$3.83 ,$1.85 ,51.70%,3620,10729,41112.48,0,0,0,0,0,0,0.983875,201414
551567603,EQ COLD/HOT NO MESS,20,A,AS,12688486,2042,$3.83 ,$1.85 ,51.70%,3502,10015,38369.5,0,0,0,0,0,0,0.983898,201415
551567603,EQ COLD/HOT NO MESS,20,A,AS,12688486,2042,$3.83 ,$1.85 ,51.70%,3533,10008,38351.74,0,0,0,0,0,0,0.969057,201416
551567603,EQ COLD/HOT NO MESS,20,A,AS,12688486,2042,$3.83 ,$1.85 ,51.70%,3574,9990,38274.66,0,0,0,0,0,0,0.978177,201417
551567603,EQ COLD/HOT NO MESS,20,A,AS,12688486,2042,$3.83 ,$1.85 ,51.70%,3666,10915,41819.35,0,0,0,0,0,0,0.966211,201418
551567603,EQ COLD/HOT NO MESS,20,A,AS,12688486,2042,$3.83 ,$1.85 ,51.70%,3671,10841,41538.49,0,0,0,0,0,0,0.971039,201419
551567603,EQ COLD/HOT NO MESS,20,A,AS,12688486,2042,$3.83 ,$1.85 ,51.70%,3626,10602,40621.47,0,0,0,0,0,0,0.975837,201420
551567603,EQ COLD/HOT NO MESS,20,A,AS,12688486,2042,$3.83 ,$1.85 ,51.70%,3590,10363,39709.83,0,0,0,0,0,0,0.972501,201421
551567603,EQ COLD/HOT NO MESS,20,A,AS,12688486,2042,$3.83 ,$1.85 ,51.70%,3664,11386,43631.81,0,0,0,0,0,0,0.970103,201422
551567603,EQ COLD/HOT NO MESS,20,A,AS,12688486,2042,$3.83 ,$1.85 ,51.70%,3701,11666,44698.58,0,0,0,0,0,0,0.964371,201423
551567603,EQ COLD/HOT NO MESS,20,A,AS,12688486,2042,$3.83 ,$1.85 ,51.70%,3713,11902,45596.55,0,0,0,0,0,0,0.96546,201424
551567603,EQ COLD/HOT NO MESS,20,A,AS,12688486,2042,$3.83 ,$1.85 ,51.70%,3688,11478,43976.52,0,0,0,0,0,0,0.973346,201425
551567603,EQ COLD/HOT NO MESS,20,A,AS,12688486,2042,$3.83 ,$1.85 ,51.70%,3746,11674,44732.41,0,0,0,0,0,0,0.96811,201426
551567603,EQ COLD/HOT NO MESS,20,A,AS,12688486,2042,$3.83 ,$1.85 ,51.70%,3770,12057,46193.9,0,0,0,0,0,0,0.969553,201427
551567603,EQ COLD/HOT NO MESS,20,A,AS,12688486,2042,$3.83 ,$1.85 ,51.70%,3755,11928,45705.82,0,0,0,0,0,0,0.968025,201428
551567603,EQ COLD/HOT NO MESS,20,A,AS,12688486,2042,$3.83 ,$1.85 ,51.70%,3732,12029,46076.13,0,0,0,0,0,0,0.970442,201429
551567603,EQ COLD/HOT NO MESS,20,A,AS,12688486,2042,$3.83 ,$1.85 ,51.70%,3752,12065,46219.38,0,0,0,0,0,0,0.967147,201430
551567603,EQ COLD/HOT NO MESS,20,A,AS,12688486,2042,$3.83 ,$1.85 ,51.70%,3794,12360,47364.55,0,0,0,0,0,0,0.960984,201431
551567603,EQ COLD/HOT NO MESS,20,A,AS,12688486,2042,$3.83 ,$1.85 ,51.70%,3758,11638,44585.49,0,0,0,0,0,0,0.962606,201432
551567603,EQ COLD/HOT NO MESS,20,A,AS,12688486,2042,$3.83 ,$1.85 ,51.70%,3730,11787,45167.22,0,0,0,0,0,0,0.96143,201433
551567603,EQ COLD/HOT NO MESS,20,A,AS,12688486,2042,$3.83 ,$1.85 ,51.70%,3722,11849,45397.78,0,0,0,0,0,0,0.982374,201434
551567603,EQ COLD/HOT NO MESS,20,A,AS,12688486,2042,$3.83 ,$1.85 ,51.70%,3750,12403,47525.97,0,0,0,0,0,0,0.990841,201435
551567603,EQ COLD/HOT NO MESS,20,A,AS,12688486,2042,$3.83 ,$1.85 ,51.70%,3760,12393,47482.14,0,0,0,0,0,0,0.989916,201436
551567603,EQ COLD/HOT NO MESS,20,A,AS,12688486,2042,$3.83 ,$1.85 ,51.70%,3727,11777,45116.43,0,0,0,0,0,0,0.990864,201437
551567603,EQ COLD/HOT NO MESS,20,A,AS,12688486,2042,$3.83 ,$1.85 ,51.70%,3748,11440,43849.45,0,0,0,0,0,0,0.99252,201438
551567603,EQ COLD/HOT NO MESS,20,A,AS,12688486,2042,$3.83 ,$1.85 ,51.70%,3697,11200,42915.97,0,0,0,0,0,0,0.991819,201439
551567603,EQ COLD/HOT NO MESS,20,A,AS,12688486,2042,$3.83 ,$1.85 ,51.70%,3766,12203,46769.7,0,0,0,0,0,0,0.990913,201440
551567603,EQ COLD/HOT NO MESS,20,A,AS,12688486,2042,$3.83 ,$1.85 ,51.70%,3700,11338,43445.53,0,0,0,0,0,0,0.991849,201441
551567603,EQ COLD/HOT NO MESS,20,A,AS,12688486,2042,$3.83 ,$1.85 ,51.70%,3632,10643,40779.29,0,0,0,0,0,0,0.993717,201442
551567603,EQ COLD/HOT NO MESS,20,A,AS,12688486,2042,$3.83 ,$1.85 ,51.70%,3557,9492,36382.62,0,0,0,0,0,0,0.992089,201443
551567603,EQ COLD/HOT NO MESS,20,A,AS,12688486,2042,$3.83 ,$1.85 ,51.70%,3723,11504,44073.98,0,0,0,0,0,0,0.990005,201444
551567603,EQ COLD/HOT NO MESS,20,A,AS,12688486,2042,$3.83 ,$1.85 ,51.70%,3613,10603,40630.22,0,0,0,0,0,0,0.991427,201445
551567603,EQ COLD/HOT NO MESS,20,A,AS,12688486,2042,$3.83 ,$1.85 ,51.70%,3640,10453,40057.59,0,0,0,0,0,0,0.991234,201446
551567603,EQ COLD/HOT NO MESS,20,A,AS,12688486,2042,$3.83 ,$1.85 ,51.70%,3479,9119,34949.9,0,0,0,0,0,0,0.988691,201447
551567603,EQ COLD/HOT NO MESS,20,A,AS,12688486,2042,$3.83 ,$1.85 ,51.70%,3674,10883,41698.35,0,0,0,0,0,0,0.982229,201448
551567603,EQ COLD/HOT NO MESS,20,A,AS,12688486,2042,$3.83 ,$1.85 ,51.70%,3568,10055,38526.68,0,0,0,0,0,0,0.990832,201449
551567603,EQ COLD/HOT NO MESS,20,A,AS,12688486,2042,$3.83 ,$1.85 ,51.70%,3666,10480,40165.51,0,0,0,0,0,0,0.9895,201450
551567603,EQ COLD/HOT NO MESS,20,A,AS,12688486,2042,$3.83 ,$1.85 ,51.70%,3684,10813,41436.88,0,0,0,0,0,0,0.988001,201451
551567603,EQ COLD/HOT NO MESS,20,A,AS,12688486,2042,$3.83 ,$1.85 ,51.70%,3716,10723,41089.16,0,0,0,0,0,0,0.987191,201452
551567603,EQ COLD/HOT NO MESS,20,A,AS,12688486,2042,$3.83 ,$1.85 ,51.70%,3803,11743,44996.88,0,0,0,0,0,0,0.989663,201501
551567603,EQ COLD/HOT NO MESS,20,A,AS,12688486,2042,$3.83 ,$1.85 ,51.70%,3789,11396,43671.68,0,0,0,0,0,0,0.990566,201502
551567603,EQ COLD/HOT NO MESS,20,A,AS,12688486,2042,$3.83 ,$1.85 ,51.70%,3698,10322,39554.26,0,0,0,0,0,0,0.993938,201503
551567603,EQ COLD/HOT NO MESS,20,A,AS,12688486,2042,$3.83 ,$1.85 ,51.70%,3776,11125,42635.99,0,0,0,0,0,0,0.990572,201504
551567603,EQ COLD/HOT NO MESS,20,A,AS,12688486,2042,$3.83 ,$1.85 ,51.70%,3827,11512,44123.12,0,0,0,0,0,0,0.989023,201505
551567603,EQ COLD/HOT NO MESS,20,A,AS,12688486,2042,$3.83 ,$1.85 ,51.70%,3767,11547,44250.75,0,0,0,0,0,0,0.988375,201506
551567603,EQ COLD/HOT NO MESS,20,A,AS,12688486,2042,$3.83 ,$1.85 ,51.70%,3809,11620,44537.79,0,0,0,0,0,0,0.991055,201507
551567603,EQ COLD/HOT NO MESS,20,A,AS,12688486,2042,$3.83 ,$1.85 ,51.70%,3833,11489,44022.31,0,0,0,0,0,0,0.989716,201508
551567603,EQ COLD/HOT NO MESS,20,A,AS,12688486,2042,$3.83 ,$1.85 ,51.70%,3812,11816,45269.52,0,0,0,0,0,0,0.987922,201509
551567603,EQ COLD/HOT NO MESS,20,A,AS,12688486,2042,$3.83 ,$1.85 ,51.70%,3815,11686,44783.48,0,0,0,0,0,0,0.992404,201510
551567603,EQ COLD/HOT NO MESS,20,A,AS,12688486,2042,$3.83 ,$1.85 ,51.70%,3844,11916,45653.89,4480,4479,4438,0,25474,1725,0.990846,201511
551567603,EQ COLD/HOT NO MESS,20,A,AS,12688486,2042,$3.83 ,$1.85 ,51.70%,1464,1972,7550.76,0,0,0,0,0,0,0.990846,201512
553488880,EQUATE SCAR GEL,20,A,AS,17053459,3526,$9.98 ,$2.50 ,74.95%,0,0,0,0,0,0,0,0,0,0,201501
553488880,EQUATE SCAR GEL,20,A,AS,17053459,3526,$9.98 ,$2.50 ,74.95%,0,0,0,0,0,0,0,0,0,0,201502
553488880,EQUATE SCAR GEL,20,A,AS,17053459,3526,$9.98 ,$2.50 ,74.95%,0,0,0,0,0,0,0,0,0,0,201503
553488880,EQUATE SCAR GEL,20,A,AS,17053459,3526,$9.98 ,$2.50 ,74.95%,0,0,0,0,0,0,0,0,0,0,201504
553488880,EQUATE SCAR GEL,20,A,AS,17053459,3526,$9.98 ,$2.50 ,74.95%,0,0,0,0,0,0,0,0,0,0,201505
553488880,EQUATE SCAR GEL,20,A,AS,17053459,3526,$9.98 ,$2.50 ,74.95%,1,1,9.98,0,0,0,0,0,0,0,201506
553488880,EQUATE SCAR GEL,20,A,AS,17053459,3526,$9.98 ,$2.50 ,74.95%,374,495,4553.82,0,0,0,0,0,0,0,201507
553488880,EQUATE SCAR GEL,20,A,AS,17053459,3526,$9.98 ,$2.50 ,74.95%,843,1258,11818.33,0,0,0,0,0,0,0,201508
553488880,EQUATE SCAR GEL,20,A,AS,17053459,3526,$9.98 ,$2.50 ,74.95%,673,899,8330.56,0,0,0,0,0,0,0.985594,201509
553488880,EQUATE SCAR GEL,20,A,AS,17053459,3526,$9.98 ,$2.50 ,74.95%,17,25,239.54,0,0,0,0,0,0,0.9552,201510
553488880,EQUATE SCAR GEL,20,A,AS,17053459,3526,$9.98 ,$2.50 ,74.95%,20,29,270.48,0,0,0,0,7,0,0,201511
553488880,EQUATE SCAR GEL,20,A,AS,17053459,3526,$9.98 ,$2.50 ,74.95%,3,3,29.94,0,0,0,0,0,0,0,201512
