Basis,Aim Store Count,Instock Store Count,Balance On Hand,Balance On Order,Store Balance On Hand,Target Inventory Level,Need for Target Inventory Level
276778,401,396,66,0,1006,801,12
276778,394,391,129,0,1027,782,14
276778,449,429,115,6,1205,898,31
276778,502,499,148,0,1314,999,13
276778,313,305,54,0,926,623,8
276778,648,644,166,0,1669,1293,16
276778,774,769,170,0,2707,1534,13
276778,333,313,63,0,880,661,38
276778,659,612,0,150,2076,1349,77
276778,369,366,61,0,926,738,13
276778,476,472,97,0,1223,955,24
276778,508,501,8,18,1308,1016,27
276778,448,441,148,0,1247,896,19
276778,345,342,16,24,1225,689,6
276778,609,584,0,102,1710,1259,38
276778,416,411,95,0,1248,829,15
973898,396,385,135,0,842,398,11
973898,391,386,85,0,849,392,6
973898,445,433,0,96,977,445,12
973898,495,470,2,144,1067,503,25
973898,307,296,12,84,779,310,15
973898,631,609,24,156,1253,633,27
973898,785,778,0,168,2416,806,7
973898,322,313,0,84,734,324,6
973898,632,599,0,432,1433,667,40
973898,363,349,110,0,709,366,15
973898,465,443,0,144,937,469,28
973898,501,477,0,120,993,502,29
973898,441,423,12,96,858,442,24
973898,340,337,64,12,981,340,1
973898,587,575,175,0,1566,632,11
973898,407,396,2,144,979,416,17
973899,395,393,85,0,952,396,2
973899,388,383,239,0,949,392,6
973899,439,437,211,0,1191,440,0
973899,497,494,332,0,1342,506,5
973899,304,302,149,0,954,310,2
973899,634,634,378,0,1616,635,2
973899,783,776,305,0,2920,791,8
973899,304,300,178,0,794,308,6
973899,592,572,137,24,1765,617,15
973899,344,343,0,48,879,345,1
973899,464,462,293,0,1254,468,3
973899,501,498,65,24,1268,501,3
973899,447,444,279,0,1152,447,2
973899,325,324,173,0,1112,325,1
973899,568,565,270,0,1869,615,4
973899,399,392,227,0,1263,402,5
973901,394,393,72,0,1058,515,4
973901,388,386,156,0,1064,564,5
973901,438,437,217,0,1240,538,4
973901,495,493,245,0,1469,674,9
973901,304,303,121,0,1006,367,2
973901,634,631,281,0,1699,850,9
973901,782,778,182,0,3236,1091,8
973901,307,305,163,0,781,372,4
973901,591,589,182,0,1908,699,4
973901,344,342,114,0,947,490,5
973901,463,462,222,0,1366,610,3
973901,501,500,164,0,1371,613,3
973901,444,442,142,0,1428,613,3
973901,325,324,148,0,1156,398,3
973901,563,559,270,0,1915,709,5
973901,396,396,222,0,1295,473,3
200964,400,395,142,288,1171,819,29
200964,392,382,1020,0,1034,836,41
200964,327,321,513,0,1105,746,27
200964,606,593,325,792,1990,1380,50
213140,401,382,193,360,1563,846,55
213140,400,385,207,360,1791,853,41
213140,334,327,825,0,1989,789,23
213140,613,602,2332,0,4474,1426,40
237741,401,399,95,72,1948,819,13
237741,398,392,720,0,1173,841,26
237741,449,448,2931,0,1489,921,9
237741,505,500,127,0,1590,1066,26
237741,313,310,1572,0,1087,697,18
237741,649,646,9869,0,2204,1338,17
237741,762,755,388,72,2347,1707,35
237741,333,331,222,0,1222,749,8
237741,660,658,2635,0,3122,1560,23
237741,368,362,1227,0,1053,759,28
237741,475,474,1438,0,1592,960,13
237741,506,501,496,0,1461,1016,25
237741,443,437,1119,0,1407,888,18
237741,342,339,326,0,997,781,28
237741,604,603,1422,0,2991,1358,13
237741,412,410,4328,0,1942,846,10
237755,401,399,433,0,1254,822,19
237755,398,388,463,0,1117,839,41
237755,449,445,512,0,1316,921,15
237755,506,501,287,0,1622,1066,28
237755,313,308,438,0,1136,701,17
237755,649,646,1159,0,1984,1338,12
237755,797,782,488,288,2671,1860,73
237755,333,330,529,0,1392,749,10
237755,660,651,760,0,2695,1560,34
237755,369,362,1305,0,1190,782,34
237755,475,467,320,0,1553,960,19
237755,506,187,1944,0,301,1016,397
237755,443,438,468,0,1453,888,25
237755,342,333,132,216,999,781,29
237755,604,601,571,0,2066,1358,32
237755,412,410,545,0,1635,846,7
249816,401,394,208,0,927,421,11
249816,400,389,169,0,912,441,18
249816,450,445,126,0,1086,492,5
249816,507,499,178,0,1149,561,18
249816,313,307,121,72,886,419,9
249816,651,645,217,0,1575,720,14
249816,798,780,113,360,2217,1265,62
249816,334,328,357,0,821,462,13
249816,661,637,112,384,1783,1143,52
249816,369,360,254,0,898,412,11
249816,479,472,484,0,1166,484,9
249816,509,497,219,0,1044,519,16
249816,449,445,391,0,942,453,5
249816,347,342,134,120,916,531,22
249816,608,599,599,0,1585,965,33
249816,419,415,320,0,1010,423,5
308266,401,399,297,0,1421,807,24
308266,400,396,136,36,1343,813,37
308266,450,446,42,108,1364,901,26
308266,507,501,1123,0,1436,1038,42
308266,313,309,214,0,1087,629,24
308266,648,645,239,0,1986,1303,26
308266,797,784,0,708,2814,1613,80
308266,334,333,630,0,1273,679,13
308266,661,655,1472,0,2681,1338,25
308266,367,360,362,0,1228,734,26
308266,479,472,142,24,1446,964,32
308266,509,503,81,84,1446,1018,38
308266,448,447,81,72,1382,897,20
308266,347,341,1181,0,1184,699,17
308266,612,609,2057,0,2683,1234,16
308266,419,416,388,0,1562,852,17
320989,218,181,0,384,522,442,76
320989,252,235,299,0,799,530,49
320989,344,329,0,384,1011,690,61
320989,283,271,413,0,1096,611,39
320989,235,222,0,768,814,507,47
320989,439,421,64,384,1446,891,68
320989,653,609,0,1536,2262,1396,126
320989,271,260,507,0,951,571,45
320989,604,570,463,768,2072,1238,95
320989,227,197,0,768,553,456,85
320989,354,335,130,384,1155,716,52
320989,305,291,334,0,1142,620,22
320989,268,262,0,288,926,539,31
320989,301,282,271,384,968,615,45
320989,550,525,322,768,2318,1130,52
320989,356,343,292,384,1459,737,37
460400,401,400,4758,0,2050,811,7
460400,400,396,379,0,1691,823,11
460400,450,448,502,0,1939,902,3
460400,507,505,260,0,2118,1051,14
460400,313,312,819,0,1336,632,4
460400,651,647,673,0,3449,1314,5
460400,760,754,763,0,3420,1531,23
460400,334,333,399,0,1753,688,3
460400,661,657,764,0,3134,1338,8
460400,369,365,601,0,1566,738,8
460400,479,475,940,0,2098,966,10
460400,509,505,1552,0,2009,1018,10
460400,449,447,799,0,1903,899,9
460400,347,346,323,0,1637,705,4
460400,609,608,980,0,2946,1222,5
460400,419,418,816,0,1806,862,8
460403,401,399,2781,0,2173,810,4
460403,397,395,543,0,1977,816,8
460403,447,446,682,0,2343,896,0
460403,503,503,753,0,2450,1042,4
460403,313,313,380,0,1655,646,2
460403,648,648,289,0,3614,1309,2
460403,795,793,1046,0,4129,1635,8
460403,329,329,463,0,1721,678,0
460403,649,648,336,0,3589,1310,4
460403,367,365,668,0,1915,739,3
460403,476,476,354,0,2313,960,7
460403,509,508,737,0,2458,1018,3
460403,449,448,576,0,2228,898,2
460403,344,343,464,0,1747,695,1
460403,601,599,692,0,3343,1206,5
460403,417,416,1374,0,1763,858,14
460423,401,400,557,0,1912,813,3
460423,399,390,123,0,1829,829,7
460423,449,449,1234,0,2095,901,2
460423,504,504,847,0,2400,1060,6
460423,313,313,446,0,1495,635,3
460423,651,651,219,0,3339,1317,1
460423,793,791,191,552,4017,1643,16
460423,334,331,466,0,1652,697,6
460423,658,654,480,0,3223,1333,6
460423,369,365,360,0,1633,739,5
460423,479,476,1324,0,2032,968,8
460423,509,508,1066,0,2411,1018,3
460423,449,449,834,0,1935,898,3
460423,347,347,149,84,1780,703,3
460423,608,606,462,0,2974,1221,2
460423,419,418,356,0,1705,872,4
689296,392,387,58,72,1028,801,40
689296,398,394,95,36,1099,839,36
689296,434,421,165,84,1108,891,42
689296,504,497,119,24,1457,1064,38
689296,312,307,40,84,1071,680,27
689296,625,613,42,120,1788,1294,50
689296,784,763,236,552,2340,1778,82
689296,328,324,30,132,981,739,27
689296,649,640,0,588,1914,1538,114
689296,366,359,107,84,1065,753,34
689296,464,454,279,0,1318,938,45
689296,491,478,82,216,1329,987,35
689296,429,417,144,36,1090,862,44
689296,340,332,61,144,918,778,43
689296,589,573,0,300,1705,1328,61
689296,395,386,0,276,1223,817,35
716887,399,390,330,0,1029,806,30
716887,398,356,214,240,944,827,104
716887,450,439,171,36,1274,903,20
716887,498,485,305,0,1428,1045,44
716887,309,300,240,204,1014,641,39
716887,647,632,161,84,1948,1308,39
716887,791,770,242,1188,2683,1613,57
716887,333,327,147,144,941,693,26
716887,661,644,415,492,2697,1359,47
716887,364,351,72,408,1089,745,35
716887,478,466,246,12,1354,978,37
716887,509,498,492,0,1498,1018,42
716887,448,440,203,12,1220,899,36
716887,346,341,95,204,982,703,24
716887,613,594,183,240,1850,1234,54
716887,418,410,45,468,1137,867,53
850624,401,399,436,0,1231,810,17
850624,400,392,280,0,1072,822,19
850624,450,448,557,0,1399,902,13
850624,507,500,270,0,1280,1050,38
850624,313,307,135,0,910,635,15
850624,651,648,1108,0,2028,1312,10
850624,761,748,633,0,2286,1534,36
850624,334,333,301,0,1113,688,6
850624,661,654,1249,0,2455,1338,17
850624,369,363,153,12,982,738,16
850624,479,472,378,0,1292,966,18
850624,509,487,422,0,1143,1018,46
850624,449,445,449,0,1300,898,11
850624,347,345,134,36,1029,700,12
850624,609,605,1348,0,2168,1222,17
850624,419,418,1652,0,1591,862,5
908183,279,262,57,48,624,568,31
908183,347,318,6,168,730,720,87
908183,278,262,0,192,718,558,29
908183,454,444,60,72,1117,947,46
908183,266,259,72,96,836,538,21
908183,452,430,0,168,1140,916,56
908183,727,694,0,576,2418,1471,60
908183,213,202,72,120,512,447,45
908183,416,406,0,384,1291,845,49
908183,331,316,0,192,849,662,48
908183,283,275,36,120,670,577,34
908183,294,283,0,96,698,588,29
908183,248,236,16,96,567,497,33
908183,322,305,0,336,883,651,34
908183,404,381,0,312,967,810,48
908183,272,262,0,264,738,568,52
920128,312,312,264,0,788,349,1
920128,295,294,351,0,706,340,3
920128,393,393,204,0,998,427,0
920128,359,359,244,0,933,409,0
920128,281,281,18,12,832,347,0
920128,485,485,302,0,1263,532,0
920128,674,674,181,0,2161,741,1
920128,258,257,174,0,867,280,1
920128,512,510,688,0,1738,546,2
920128,337,337,37,0,935,407,0
920128,390,389,371,0,994,420,0
920128,448,447,49,0,1151,495,0
920128,389,388,89,0,976,413,1
920128,289,288,225,0,821,340,2
920128,448,448,100,0,1353,497,1
920128,326,325,217,0,925,357,1
936445,400,400,57,0,1068,808,8
936445,398,390,61,0,961,822,37
936445,450,449,128,0,1226,903,5
936445,507,506,94,0,1368,1050,16
936445,313,312,114,0,992,632,3
936445,651,650,251,0,1918,1314,8
936445,759,756,83,36,2240,1532,16
936445,334,330,60,0,903,688,11
936445,661,657,101,0,2049,1338,11
936445,369,369,45,0,1037,738,3
936445,479,478,132,0,1306,966,6
936445,509,509,193,0,1280,1018,10
936445,449,449,65,0,1228,898,6
936445,347,346,97,0,1007,700,9
936445,611,610,119,0,1801,1228,11
936445,416,405,12,180,1144,862,39
936447,400,398,42,0,1095,808,10
936447,396,389,32,48,991,822,36
936447,450,447,113,0,1208,902,3
936447,506,501,67,0,1307,1050,29
936447,313,313,116,0,954,632,1
936447,651,650,171,0,1804,1314,9
936447,759,756,13,96,2288,1532,19
936447,334,333,36,36,937,688,16
936447,661,655,0,132,1881,1338,23
936447,369,369,60,0,1057,738,3
936447,479,476,103,0,1246,966,15
936447,509,509,263,0,1336,1018,6
936447,449,447,66,0,1181,898,8
936447,347,347,90,0,1004,700,8
936447,611,607,119,0,1766,1228,15
936447,418,416,15,60,1189,862,10
936448,400,398,20,36,1096,808,11
936448,398,396,14,36,1066,822,21
936448,450,449,8,60,1262,917,6
936448,505,504,6,24,1392,1052,25
936448,313,313,64,0,1051,633,6
936448,651,649,245,0,2010,1315,11
936448,796,792,1,132,2679,1604,13
936448,334,331,0,84,1005,688,15
936448,661,658,0,84,2085,1338,13
936448,369,368,26,24,1071,741,8
936448,479,477,24,60,1349,966,9
936448,509,506,69,0,1319,1018,14
936448,449,447,89,0,1252,898,9
936448,347,346,3,48,1092,700,5
936448,609,609,83,0,1816,1223,6
936448,419,417,3,96,1229,862,14
957603,401,396,252,36,1135,810,28
957603,397,393,174,144,1065,819,38
957603,449,438,493,0,1131,900,21
957603,504,499,374,0,1563,1053,39
957603,313,310,729,0,860,637,26
957603,649,645,1068,0,1913,1309,26
957603,790,780,1838,0,2417,1601,70
957603,333,332,1308,0,1012,689,27
957603,658,650,59,480,2099,1329,32
957603,369,365,633,0,998,738,27
957603,475,473,1810,0,1331,964,31
957603,506,501,467,0,1292,1012,27
957603,443,439,727,0,1227,887,22
957603,342,335,64,216,994,691,22
957603,604,597,487,0,1659,1210,31
957603,412,408,409,0,1165,847,28
957606,400,394,493,0,821,812,46
957606,399,384,127,72,880,822,54
957606,450,439,627,0,990,907,43
957606,504,491,437,0,1131,1044,56
957606,309,301,174,120,777,645,30
957606,648,640,558,0,1422,1310,65
957606,797,782,1486,0,2380,1641,84
957606,334,326,286,0,801,691,38
957606,661,656,0,528,1848,1343,41
957606,368,358,28,312,853,749,38
957606,479,471,331,0,1073,969,49
957606,509,500,374,0,1114,1021,52
957606,449,442,848,0,993,902,37
957606,347,339,116,168,863,707,37
957606,608,600,790,0,1600,1224,37
957606,419,416,816,0,1092,865,33
957608,182,171,60,36,413,368,32
957608,206,203,51,84,530,435,14
957608,281,277,0,108,710,562,15
957608,244,242,51,48,635,513,17
957608,215,209,27,144,598,443,17
957608,357,352,46,72,922,724,19
957608,573,559,0,420,2006,1169,39
957608,197,195,171,0,627,413,13
957608,435,429,30,264,1347,885,27
957608,197,191,0,144,462,396,20
957608,300,299,97,12,825,608,14
957608,246,243,142,0,579,494,15
957608,225,223,48,12,516,450,9
957608,249,245,0,96,684,504,14
957608,405,401,136,12,1157,812,18
957608,275,272,460,0,774,573,15
957609,188,186,93,0,571,379,10
957609,201,199,39,48,684,422,16
957609,285,284,187,0,890,573,8
957609,243,241,398,0,785,509,14
957609,194,192,102,0,655,394,9
957609,364,362,230,0,1128,738,11
957609,574,568,360,0,2099,1173,31
957609,202,200,110,0,658,423,13
957609,447,445,440,0,1505,917,24
957609,199,198,176,0,704,399,13
957609,304,303,489,0,955,616,13
957609,255,253,105,0,673,516,16
957609,229,226,236,0,625,459,11
957609,256,255,67,72,796,521,14
957609,409,405,171,0,1514,826,6
957609,275,273,0,120,923,572,14
972687,401,386,305,0,966,816,54
972687,398,359,450,0,774,821,104
972687,450,414,0,432,1062,905,58
972687,507,490,139,144,1230,1066,81
972687,313,285,866,432,1075,775,58
972687,651,628,0,432,1526,1332,86
972687,798,763,336,360,2170,1672,132
972687,334,320,0,720,991,706,45
972687,661,577,62,1728,1995,1429,81
972687,369,319,0,864,754,759,136
972687,479,442,576,288,1258,1014,81
972687,509,492,432,216,1224,1026,78
972687,449,435,118,216,1030,900,67
972687,346,331,0,576,767,703,69
972687,613,584,275,1080,1883,1275,70
972687,419,401,0,1008,1177,897,53
559682,400,399,50,36,1236,808,9
559682,392,384,46,216,1250,817,31
559682,449,446,91,120,1553,909,10
559682,499,498,33,72,1661,1040,15
559682,313,310,194,48,1275,652,8
559682,651,648,2,96,2097,1317,15
559682,795,790,171,408,3142,1672,22
559682,334,331,195,120,1346,719,11
559682,659,654,195,660,2741,1389,19
559682,370,369,58,120,1260,742,9
559682,477,476,112,36,1711,978,9
559682,509,509,0,84,1673,1019,6
559682,449,448,48,24,1411,899,5
559682,345,343,139,180,1363,716,4
559682,608,601,242,288,2530,1266,22
559682,417,415,189,156,1678,862,5
867042,400,399,99,96,1372,809,8
867042,395,392,115,156,1433,813,8
867042,449,445,101,84,1734,900,7
867042,500,498,125,84,1868,1040,13
867042,313,307,127,48,1247,633,9
867042,651,647,108,84,2575,1314,19
867042,795,788,383,60,3300,1613,22
867042,334,332,259,108,1335,690,7
867042,659,650,53,492,2771,1369,16
867042,369,366,36,192,1386,740,9
867042,476,475,61,120,1860,961,15
867042,509,506,51,192,1893,1018,11
867042,449,447,106,60,1654,898,12
867042,345,344,109,144,1439,703,9
867042,608,598,195,276,2492,1276,29
867042,417,409,3,348,1564,856,15
867043,400,399,79,24,1306,808,6
867043,397,385,95,72,1354,814,27
867043,449,448,24,96,1727,900,4
867043,503,503,42,60,1868,1050,6
867043,313,309,84,96,1337,634,10
867043,651,647,0,168,2226,1316,24
867043,797,791,39,372,3334,1627,25
867043,334,331,244,0,1449,692,6
867043,660,648,3,456,2610,1371,22
867043,369,368,0,156,1409,739,10
867043,477,475,24,120,1920,974,11
867043,509,507,161,0,1794,1018,5
867043,449,447,48,36,1568,898,9
867043,345,344,9,120,1467,701,4
867043,610,607,112,84,2724,1264,11
867043,417,413,0,156,1614,854,7
903988,398,397,96,0,1134,795,2
903988,396,395,22,0,1092,785,5
903988,449,449,161,0,1315,897,3
903988,501,499,36,24,1444,997,14
903988,313,313,18,12,956,623,1
903988,651,650,19,12,1823,1299,13
903988,794,791,32,0,2540,1548,13
903988,333,332,39,0,1001,659,3
903988,659,654,0,84,2158,1316,8
903988,369,365,14,24,1069,738,14
903988,475,474,12,24,1435,952,7
903988,509,508,86,0,1451,1018,3
903988,449,449,39,0,1310,898,3
903988,345,343,34,0,1164,687,3
903988,607,607,99,0,2018,1213,8
903988,416,413,72,0,1423,828,5
908126,400,398,30,36,1313,808,7
908126,393,386,4,72,1180,810,22
908126,449,448,143,0,1466,900,9
908126,499,498,22,108,1598,1037,9
908126,313,312,40,36,1152,632,6
908126,651,651,16,108,2147,1315,7
908126,796,794,0,288,2831,1608,16
908126,334,331,170,156,1200,690,11
908126,659,637,105,288,2316,1366,26
908126,370,369,127,72,1222,740,2
908126,476,473,0,180,1520,961,18
908126,509,508,37,96,1719,1021,7
908126,449,449,0,60,1535,900,7
908126,345,342,2,96,1170,698,9
908126,609,605,35,216,2250,1261,11
908126,417,409,2,264,1391,854,23
216549,401,383,43,0,882,801,35
216549,398,353,19,0,683,789,121
216549,450,401,98,216,954,899,69
216549,506,452,181,0,1042,1007,62
216549,312,287,84,156,589,621,78
216549,651,607,96,0,1346,1299,85
216549,797,654,0,576,1752,1611,135
216549,334,283,106,144,689,661,52
216549,660,513,588,768,1070,1386,323
216549,369,346,0,288,708,738,65
216549,479,458,0,240,943,960,86
216549,508,458,144,0,884,1016,163
216549,449,422,145,0,897,898,48
216549,345,260,498,0,498,693,169
216549,610,551,552,552,1160,1301,233
216549,419,392,2,288,894,832,68
232807,401,399,36,60,1345,1201,27
232807,395,391,36,156,1328,1174,56
232807,450,446,135,72,1584,1349,38
232807,502,499,43,72,1787,1495,27
232807,312,312,94,36,1177,930,19
232807,651,650,148,48,2268,1948,44
232807,798,790,476,336,3091,2401,89
232807,334,327,179,144,1046,988,56
232807,661,650,631,792,2309,2009,108
232807,369,368,55,96,1293,1107,24
232807,478,477,138,168,1562,1438,56
232807,508,506,66,36,1668,1524,26
232807,448,447,96,36,1498,1344,35
232807,345,340,110,204,1152,1031,37
232807,610,597,551,516,2129,1869,97
232807,419,415,168,276,1449,1244,51
232813,401,398,174,72,1624,1599,62
232813,396,395,206,180,1649,1561,57
232813,450,449,186,396,1861,1797,84
232813,502,501,132,252,2065,1979,80
232813,312,311,284,96,1270,1240,55
232813,651,647,456,264,2640,2593,107
232813,798,788,817,852,3349,3159,163
232813,334,331,368,360,1413,1334,61
232813,661,648,1152,1428,2422,2635,290
232813,369,368,19,408,1509,1476,69
232813,479,473,386,336,1925,1918,91
232813,508,504,158,264,2032,2032,102
232813,448,445,264,108,1773,1792,75
232813,346,342,243,420,1385,1375,67
232813,609,599,1048,804,2599,2442,145
232813,419,414,418,372,1692,1657,90
276485,401,389,110,0,811,802,40
276485,397,361,220,0,838,792,43
276485,450,413,253,0,936,900,69
276485,504,480,183,0,1074,1009,51
276485,310,307,2,144,678,617,32
276485,649,631,206,0,1352,1297,63
276485,796,722,0,216,1833,1598,86
276485,334,289,0,144,662,661,84
276485,657,484,648,768,945,1376,360
276485,368,360,44,168,725,736,44
276485,474,458,87,0,977,952,66
276485,508,501,48,48,1046,1016,53
276485,449,442,201,0,939,898,43
276485,342,330,224,0,678,685,75
276485,607,559,0,384,1317,1296,160
276485,418,372,133,144,924,833,55
447951,344,131,864,720,311,1035,296
447951,345,67,1,1752,143,1070,340
447951,325,104,4,1692,237,977,294
447951,426,85,0,2400,224,1331,411
447951,261,51,492,864,112,794,250
447951,551,94,12,2952,214,1680,527
447951,663,68,5,4188,152,2037,650
447951,169,53,0,864,128,519,155
447951,328,48,0,2304,132,1090,313
447951,335,40,0,1716,84,1005,321
447951,319,98,97,1512,230,976,287
447951,425,142,12,1884,368,1275,374
447951,373,130,0,1848,286,1119,327
447951,325,25,0,2148,39,989,324
447951,315,39,0,2304,101,1087,309
447951,228,18,0,1344,50,704,229
483167,401,393,105,0,920,812,36
483167,398,383,195,0,872,822,46
483167,450,431,151,0,984,916,62
483167,505,495,307,0,1168,1055,33
483167,313,309,117,60,819,666,26
483167,649,630,246,0,1471,1326,49
483167,776,761,266,396,1938,1694,82
483167,334,304,181,144,700,730,98
483167,660,494,605,1008,966,1539,403
483167,369,364,77,108,855,746,27
483167,477,469,277,0,1104,964,38
483167,508,497,69,84,1126,1018,36
483167,447,433,293,0,1016,895,34
483167,346,317,294,204,689,757,118
483167,611,582,167,444,1538,1376,108
483167,418,385,191,216,1001,861,64
697531,172,172,51,0,544,509,16
697531,251,249,53,84,773,740,27
697531,128,128,37,48,441,382,12
697531,374,374,53,72,1219,1107,39
697531,228,225,119,60,802,679,21
697531,324,322,75,48,1052,965,27
697531,629,625,411,264,2309,1932,83
697531,126,122,106,24,405,366,22
697531,315,301,204,408,1035,958,78
697531,257,253,23,180,808,771,43
697531,116,116,40,36,364,350,18
697531,124,124,33,12,398,372,9
697531,115,115,36,0,374,345,8
697531,324,321,106,108,1078,971,45
697531,287,284,128,240,995,902,53
697531,159,158,92,36,545,457,16
697542,278,83,1152,600,155,558,241
697542,292,54,0,1476,107,603,279
697542,231,50,0,996,122,463,206
697542,381,88,0,1728,215,796,351
697542,231,26,708,480,69,469,221
697542,440,60,0,1956,128,894,416
697542,668,34,0,3888,67,1368,656
697542,126,19,0,564,45,255,119
697542,291,37,0,1728,93,646,277
697542,283,36,0,1296,64,567,264
697542,204,33,0,1152,62,415,189
697542,269,63,1,1056,137,538,235
697542,239,40,0,1056,85,478,222
697542,316,18,0,1824,35,643,308
697542,271,10,0,1920,14,656,271
697542,158,15,0,960,25,323,159
733288,114,109,47,0,303,236,10
733288,168,158,51,96,452,374,33
733288,194,186,23,48,546,388,12
733288,251,250,51,0,817,544,12
733288,215,209,0,72,571,442,12
733288,234,219,0,120,523,488,46
733288,589,576,17,240,1773,1210,33
733288,211,207,66,48,723,460,16
733288,510,474,180,336,1582,1110,107
733288,160,160,20,0,524,320,0
733288,241,237,7,72,692,482,17
733288,151,148,15,48,380,306,12
733288,146,142,63,0,384,292,14
733288,274,268,86,72,916,572,29
733288,485,473,346,0,1640,1055,40
733288,300,286,36,48,1025,630,26
804093,399,393,40,0,1078,800,18
804093,387,378,84,60,919,776,66
804093,448,439,34,96,1163,909,37
804093,497,486,106,36,1283,995,28
804093,310,297,2,48,785,651,40
804093,644,638,170,0,1572,1303,57
804093,777,757,59,216,2110,1692,102
804093,330,307,97,36,872,695,53
804093,639,550,0,624,1982,1414,238
804093,368,361,0,108,854,743,53
804093,470,463,110,0,1224,943,35
804093,508,494,41,60,1231,1018,70
804093,446,442,96,0,1115,895,26
804093,335,312,84,144,792,725,84
804093,588,531,180,204,1332,1257,134
804093,405,359,1,120,888,807,109
804094,399,395,9,24,1119,798,10
804094,393,386,61,0,1088,783,13
804094,447,431,27,12,1174,893,43
804094,499,491,86,0,1340,995,12
804094,313,309,12,48,848,624,13
804094,644,641,86,0,1607,1286,18
804094,795,788,0,156,2260,1550,27
804094,328,301,49,12,902,653,53
804094,648,575,182,336,1595,1299,196
804094,369,362,0,72,972,738,30
804094,474,471,110,0,1274,950,17
804094,508,504,22,12,1285,1019,25
804094,447,441,106,0,1062,894,25
804094,336,319,179,36,844,670,63
804094,595,557,0,204,1512,1192,90
804094,408,399,55,12,1149,812,22
827731,400,392,213,132,1289,1204,63
827731,396,390,233,384,1260,1184,70
827731,450,447,309,312,1461,1354,91
827731,502,491,258,348,1610,1505,111
827731,312,308,460,144,1062,932,48
827731,649,641,468,240,2064,1948,105
827731,759,739,964,1080,2518,2306,171
827731,329,324,439,276,1073,997,73
827731,659,633,1484,1488,1941,2047,261
827731,369,362,42,516,1180,1107,61
827731,477,468,480,312,1527,1447,93
827731,508,497,323,192,1526,1527,104
827731,449,442,283,108,1434,1347,54
827731,346,334,270,576,1117,1041,75
827731,607,589,1174,996,2089,1884,144
827731,417,400,585,444,1275,1258,122
892053,399,393,377,0,964,801,44
892053,395,381,303,36,990,790,49
892053,448,435,546,0,1133,899,63
892053,500,490,562,0,1349,1010,53
892053,312,304,207,24,784,623,29
892053,645,628,561,0,1623,1295,78
892053,795,778,794,180,2300,1616,93
892053,326,316,322,84,897,658,36
892053,650,621,874,408,1796,1437,158
892053,349,342,84,276,808,701,46
892053,473,463,559,0,1209,955,57
892053,507,489,260,144,1230,1019,59
892053,448,439,467,0,1005,899,74
892053,336,330,395,0,953,683,33
892053,595,566,862,552,1794,1410,99
892053,409,393,570,0,1070,823,56
902855,400,400,31,0,1677,814,11
902855,394,394,122,0,1724,822,9
902855,449,449,125,0,1827,902,8
902855,501,501,140,0,2222,1072,7
902855,313,313,132,0,1853,638,3
902855,644,643,170,0,2498,1310,13
902855,774,773,270,0,3863,1574,18
902855,329,329,75,0,1691,696,3
902855,653,650,186,0,3671,1398,12
902855,369,367,75,0,1588,738,12
902855,475,474,137,0,2171,962,8
902855,508,507,14,12,1882,1016,16
902855,447,446,168,0,1690,894,11
902855,345,345,106,0,1928,706,3
902855,608,604,502,0,2951,1300,12
902855,417,416,347,0,2408,878,4
902856,384,379,48,0,997,483,3
902856,379,373,176,144,843,531,40
902856,424,404,90,12,1041,489,22
902856,492,482,84,12,1263,685,12
902856,282,281,26,0,783,371,3
902856,627,625,123,0,1549,802,7
902856,762,738,73,60,2215,1045,15
902856,280,265,86,0,644,321,20
902856,549,482,286,156,1239,694,90
902856,355,349,0,48,887,484,5
902856,442,434,89,0,1119,504,9
902856,484,475,5,24,1183,558,14
902856,433,426,145,0,1057,488,2
902856,324,306,173,12,791,400,26
902856,540,479,9,60,1188,644,81
902856,375,363,73,0,966,421,15
902857,399,390,71,12,1200,812,31
902857,391,383,125,0,1259,816,24
902857,445,423,33,12,1370,894,42
902857,495,488,111,0,1645,1060,18
902857,296,294,11,24,1057,604,11
902857,639,628,170,0,1934,1301,19
902857,747,708,76,168,2257,1524,92
902857,315,299,98,0,986,668,21
902857,614,562,372,168,1980,1320,138
902857,361,356,0,84,1083,722,32
902857,460,454,130,0,1468,932,19
902857,508,499,8,36,1482,1016,38
902857,447,438,129,0,1372,894,15
902857,334,315,0,192,965,684,53
902857,585,566,35,72,1853,1254,50
902857,395,385,64,24,1245,830,31
912489,382,378,27,0,1258,778,13
912489,378,371,56,0,1301,792,31
912489,422,410,62,0,1461,848,30
912489,486,479,98,0,1912,1042,18
912489,282,280,0,24,1069,576,7
912489,621,614,110,0,2153,1268,18
912489,744,731,113,12,2763,1514,19
912489,278,260,23,36,1046,598,32
912489,548,501,201,204,1899,1178,112
912489,355,349,0,72,1164,710,26
912489,438,431,85,0,1530,888,15
912489,472,466,20,0,1572,944,16
912489,426,418,118,0,1482,852,15
912489,324,315,128,0,1186,664,35
912489,535,511,0,108,1914,1154,52
912489,366,357,10,36,1351,768,20
912490,382,380,45,0,1459,778,6
912490,379,379,8,12,1542,792,14
912490,421,417,78,0,1696,846,21
912490,486,486,158,0,1931,1042,6
912490,282,281,59,0,1443,576,2
912490,621,619,166,0,2262,1268,9
912490,767,764,194,0,3500,1560,17
912490,280,278,57,0,1461,598,6
912490,549,547,68,0,3224,1178,6
912490,355,354,4,24,1412,710,7
912490,438,438,113,0,1996,888,4
912490,472,471,83,0,1655,944,2
912490,426,425,125,0,1510,852,7
912490,324,324,95,0,1844,664,8
912490,535,535,147,0,3398,1154,7
912490,366,366,190,12,2158,768,4
930987,371,366,48,0,931,760,14
930987,367,342,100,0,863,774,66
930987,399,392,178,0,1014,802,21
930987,475,470,208,0,1278,1020,32
930987,260,257,85,0,662,532,12
930987,614,609,268,0,1632,1254,34
930987,748,735,293,144,2306,1543,44
930987,258,240,102,0,705,556,46
930987,512,471,612,132,1191,1106,152
930987,346,341,0,120,779,692,43
930987,436,433,218,0,1109,884,32
930987,462,459,24,24,1169,924,16
930987,423,419,240,0,960,846,34
930987,324,322,137,96,916,664,22
930987,540,529,163,144,1508,1164,50
930987,366,358,162,0,1009,768,27
952371,400,398,218,0,1228,800,9
952371,396,395,125,0,1240,787,10
952371,449,448,158,0,1487,897,6
952371,497,496,136,0,1655,991,11
952371,312,311,110,0,1123,621,5
952371,649,648,380,0,1957,1296,5
952371,786,785,1163,0,3283,1541,4
952371,334,333,360,0,1148,663,1
952371,661,660,1018,0,2708,1321,8
952371,369,368,324,0,1159,738,4
952371,476,475,225,0,1535,954,7
952371,508,505,93,0,1523,1016,8
952371,447,447,203,0,1290,894,3
952371,345,344,102,0,1393,688,2
952371,607,607,831,0,2304,1215,4
952371,418,417,508,0,1660,830,1
952401,401,399,803,0,1012,802,16
952401,396,390,111,108,1040,787,28
952401,450,446,42,90,1180,900,28
952401,501,499,74,54,1372,1002,23
952401,309,305,52,36,999,615,21
952401,650,643,173,36,1801,1299,35
952401,795,780,548,54,2464,1595,55
952401,332,314,189,54,781,657,71
952401,657,641,0,594,1986,1344,49
952401,366,362,100,0,1061,733,22
952401,478,473,9,180,1218,961,42
952401,508,500,73,36,1159,1016,46
952401,448,446,2701,0,1295,896,14
952401,337,328,126,252,889,673,43
952401,602,584,392,0,1789,1246,55
952401,415,408,274,0,2005,828,23
952402,369,362,47,60,883,737,31
952402,370,361,134,12,820,731,26
952402,409,393,241,0,890,817,64
952402,488,472,120,12,1891,971,28
952402,302,297,101,12,831,602,23
952402,608,599,318,0,1540,1213,36
952402,788,762,301,192,2011,1580,84
952402,319,291,93,108,683,634,54
952402,626,517,565,456,1180,1284,259
952402,356,352,0,132,888,713,25
952402,455,447,25,132,1006,910,53
952402,455,449,111,12,1051,910,24
952402,405,401,2180,0,1045,812,21
952402,343,325,161,96,716,685,77
952402,568,531,150,336,1293,1175,117
952402,381,363,4,240,826,761,65
952405,399,398,30,12,1324,812,5
952405,393,392,121,0,1316,828,14
952405,445,444,140,0,1616,894,7
952405,497,497,141,0,1992,1063,10
952405,312,312,90,0,1353,636,1
952405,642,642,194,0,2222,1310,10
952405,794,791,699,0,3604,1612,15
952405,331,331,420,0,1326,700,8
952405,655,653,763,0,3108,1370,9
952405,369,369,196,0,1412,738,1
952405,473,473,376,0,1804,958,3
952405,506,506,45,0,1685,1012,5
952405,444,443,143,0,1519,888,6
952405,343,343,273,0,1485,700,2
952405,604,603,1021,0,2774,1252,8
952405,413,413,338,0,1835,866,5
952407,400,383,153,0,826,802,33
952407,391,287,550,96,547,792,174
952407,450,419,0,168,883,900,112
952407,501,482,224,84,972,1011,117
952407,311,306,345,0,804,622,9
952407,651,647,536,0,1448,1304,40
952407,797,745,801,312,1617,1601,188
952407,334,325,124,36,766,669,33
952407,654,445,108,2280,847,1365,406
952407,350,346,176,156,773,701,20
952407,477,472,1709,0,1140,962,20
952407,508,468,418,60,894,1016,138
952407,449,445,243,0,919,899,34
952407,346,325,0,588,653,694,93
952407,609,462,984,312,1218,1228,172
952407,415,206,0,996,584,846,192
952447,371,371,106,0,1133,741,12
952447,372,368,118,12,996,738,9
952447,409,403,291,0,1124,817,16
952447,494,493,175,0,1466,982,17
952447,307,306,89,0,999,611,7
952447,624,620,215,0,1767,1243,17
952447,787,776,475,0,2514,1578,41
952447,317,316,357,0,921,627,12
952447,624,615,857,0,2131,1280,33
952447,358,356,242,0,1224,716,12
952447,455,452,269,0,1428,910,13
952447,456,454,171,0,1277,912,10
952447,407,406,155,0,1151,814,10
952447,343,342,327,0,1161,685,10
952447,565,563,1850,0,1997,1169,21
952447,382,382,438,0,1175,757,16
952449,401,398,36,12,1014,801,13
952449,396,395,178,0,1005,784,10
952449,450,447,162,0,1028,900,13
952449,502,498,166,0,1234,999,19
952449,313,310,73,0,793,623,11
952449,651,649,243,0,1517,1299,18
952449,774,768,332,0,2076,1530,25
952449,332,321,34,36,745,661,41
952449,661,615,420,192,1510,1322,148
952449,369,369,22,48,924,738,14
952449,477,476,1216,0,1087,956,15
952449,509,506,41,24,1201,1018,11
952449,448,447,217,0,1039,896,14
952449,346,346,192,0,885,690,18
952449,608,593,37,144,1367,1218,80
952449,417,412,90,0,1048,830,22
973893,401,398,67,0,926,421,1
973893,393,378,200,0,883,407,14
973893,450,439,214,0,1068,487,11
973893,499,492,282,0,1253,534,7
973893,313,312,119,0,808,324,0
973893,650,647,330,0,1516,687,3
973893,796,786,344,0,2533,883,7
973893,332,325,89,0,731,363,8
973893,658,563,616,168,1328,728,109
973893,368,368,14,36,882,379,0
973893,476,473,270,0,1174,516,4
973893,509,505,45,24,1174,547,4
973893,448,445,273,0,1039,469,0
973893,341,337,255,0,866,355,7
973893,608,605,327,0,1723,695,5
973893,418,413,213,0,1161,451,8
973897,397,392,177,0,811,398,6
973897,394,390,209,0,821,395,6
973897,445,436,254,0,991,445,10
973897,498,491,361,0,1018,504,10
973897,310,303,304,0,662,310,6
973897,638,625,648,0,1313,639,9
973897,785,769,174,0,1856,811,13
973897,327,321,167,0,741,330,6
973897,654,643,189,0,1663,656,11
973897,361,357,271,0,762,361,2
973897,471,465,538,0,978,475,11
973897,499,492,339,0,1005,499,7
973897,444,437,481,0,890,444,7
973897,342,337,172,0,838,342,3
973897,599,588,200,0,1504,599,10
973897,413,407,216,480,936,416,9
199060,332,327,0,120,1129,697,25
199060,356,353,108,0,1299,756,24
199060,310,307,328,0,1787,689,13
199060,125,115,0,108,382,271,26
199060,691,677,113,696,3000,1564,59
199060,154,153,740,0,1015,383,6
199060,366,363,302,0,1606,770,12
199060,298,297,131,0,1683,635,14
199060,336,329,755,0,1164,765,35
199060,108,105,616,0,753,251,8
199060,89,89,517,0,452,184,5
199080,322,322,287,0,1366,676,4
199080,336,336,55,0,1219,713,7
199080,306,305,1857,0,2658,681,1
199080,111,111,56,0,431,241,0
199080,694,690,256,0,3209,1570,16
199080,151,151,1617,0,1228,376,0
199080,365,365,1897,0,1992,768,6
199080,292,290,48,0,1721,624,7
199080,334,333,362,0,1943,761,0
199080,109,109,1309,0,1129,253,0
199080,86,86,316,0,590,178,3
199279,394,390,40,48,1379,831,23
199279,499,499,189,0,1981,1054,7
199279,313,311,159,0,1449,705,8
199279,1075,1071,1676,0,4885,2213,9
199279,758,754,294,0,3230,1696,18
199279,655,651,1885,0,3425,1550,20
199279,368,367,569,0,1367,772,5
199279,1663,1657,27,120,6671,3439,25
199279,346,346,302,0,1445,789,5
199279,594,591,1956,0,2835,1335,13
199279,886,881,1018,0,4028,1800,18
199296,398,388,35,48,1305,826,36
199296,503,500,36,48,1880,1049,20
199296,313,310,294,0,1659,690,17
199296,1076,1076,994,0,5142,2194,8
199296,765,758,0,204,3187,1660,40
199296,655,649,640,0,3666,1471,15
199296,369,366,188,0,1567,765,10
199296,1665,1659,1008,0,7175,3412,22
199296,346,346,320,0,1475,755,3
199296,596,592,2887,0,3298,1274,8
199296,886,881,686,0,4247,1800,15
256229,1504,1504,0,0,4519,768,113
256229,1431,1431,0,0,4142,978,139
256229,1212,1212,0,0,4261,635,50
256229,4152,4152,0,0,20867,2086,187
256229,2127,2127,0,0,3526,1424,333
256229,2452,2452,0,0,8329,1244,153
256229,1424,1424,0,0,5185,817,77
256229,6472,6472,0,0,25685,3254,271
256229,1032,1032,0,0,3546,524,56
256229,1734,1734,0,0,8469,1184,140
256229,2580,2580,0,0,13351,1736,171
350688,1484,1484,0,0,3530,756,119
350688,1443,1443,0,0,2818,986,172
350688,1216,1216,0,0,2708,620,80
350688,3099,3099,655,0,21633,2074,13
350688,2812,2812,0,0,4363,1413,280
350688,2388,2388,0,0,5941,1198,139
350688,1053,1053,0,0,2348,705,111
350688,4836,4836,0,0,19102,3240,326
350688,1032,1032,0,0,2245,522,83
350688,2204,2204,0,0,6433,1104,117
350688,2574,2574,0,0,11034,1730,200
401541,213,212,43,0,707,443,5
401541,185,185,271,0,679,401,6
401541,294,293,811,0,1226,635,9
401541,126,126,451,0,251,129,1
401541,681,680,4567,0,2799,1483,7
401541,76,76,3354,0,223,85,0
401541,339,338,894,0,1389,693,2
401541,196,196,51,0,858,399,4
401541,169,169,4,108,706,355,0
401541,60,60,1722,0,238,67,1
401541,62,62,667,0,189,64,1
442893,396,391,270,0,1490,844,12
442893,498,495,250,0,1969,1057,13
442893,313,308,172,0,1508,711,14
442893,1074,1070,913,0,3661,2215,15
442893,761,748,310,216,2863,1720,53
442893,659,656,1499,0,3140,1558,15
442893,370,367,328,0,1695,781,10
442893,1671,1664,817,0,5695,3460,31
442893,345,342,206,0,1459,843,13
442893,599,594,342,0,2811,1346,11
442893,872,868,357,0,3161,1774,16
689603,207,170,0,132,404,454,75
689603,170,158,2,48,488,370,18
689603,126,126,745,0,171,131,10
689603,14,12,3366,0,32,34,5
689603,76,76,373,0,198,89,3
689603,2,2,2910,0,6,5,0
689603,142,121,1325,0,370,290,21
689603,171,162,0,108,492,378,11
689603,60,60,11,0,133,68,1
689603,62,62,211,0,96,64,3
727120,396,361,3,156,1118,830,44
727120,483,447,44,60,1376,1008,36
727120,19,16,145,0,49,51,2
727120,1070,925,1276,0,2702,2182,127
727120,33,29,238,0,82,73,6
727120,637,589,0,192,1973,1416,65
727120,12,11,46,0,29,30,1
727120,1596,1382,0,480,4128,3268,222
727120,344,324,35,0,1420,809,26
727120,585,532,3,204,1891,1250,83
727120,874,767,0,528,2173,1778,161
727121,396,395,410,0,1436,823,6
727121,499,498,2,60,1810,1049,7
727121,313,313,63,0,1321,654,4
727121,1075,1074,254,0,4143,2183,1
727121,766,762,11,84,3239,1605,14
727121,655,653,1075,0,3493,1405,5
727121,369,368,83,0,1374,756,4
727121,1661,1659,154,0,6405,3381,7
727121,346,345,246,0,1594,732,2
727121,592,591,937,0,3572,1253,0
727121,885,885,161,0,3613,1798,7
729844,315,311,31,0,1218,670,22
729844,334,334,28,48,1297,709,5
729844,310,308,41,48,1518,685,5
729844,130,130,0,0,234,135,0
729844,680,676,294,0,3137,1529,24
729844,147,147,332,0,200,117,0
729844,367,361,0,48,1367,767,6
729844,222,222,29,0,1012,458,3
729844,314,314,0,36,1662,720,10
729844,64,64,1072,0,131,72,0
729844,66,66,63,0,125,68,1
828278,329,328,64,0,1047,691,6
828278,354,354,69,0,1266,752,8
828278,311,310,74,48,1051,683,14
828278,158,158,1255,0,279,163,0
828278,680,676,117,0,2690,1529,25
828278,153,153,649,0,285,122,2
828278,367,365,63,0,1216,764,10
828278,227,226,529,0,824,468,3
828278,316,315,106,0,1229,724,3
828278,64,64,854,0,163,72,0
828278,72,72,653,0,125,74,1
866765,786,786,0,0,347,802,267
866765,976,976,0,0,494,1006,307
866765,618,618,0,0,356,624,192
866765,2104,2104,0,0,1130,2114,662
866765,1486,1486,0,0,581,1494,543
866765,1268,1268,0,0,817,1280,348
866765,726,726,0,0,336,726,240
866765,3268,3268,0,0,1531,3292,1093
866765,684,684,0,0,292,690,240
866765,1108,1108,0,0,662,1110,339
866765,1728,1728,0,0,910,1748,579
868483,750,750,0,0,2357,764,159
868483,1431,1431,0,0,2077,978,225
868483,1204,1204,0,0,2562,616,78
868483,3102,3102,0,0,11137,2076,297
868483,2097,2097,0,0,2018,1404,406
868483,1791,1791,0,0,4693,1198,27
868483,1408,1408,0,0,1781,707,133
868483,6436,6436,0,0,14219,3234,434
868483,768,768,0,0,1365,518,111
868483,1647,1647,0,0,3627,1100,211
868483,2571,2571,0,0,6346,1728,256
868485,1119,1119,0,0,2807,760,130
868485,954,954,0,0,2893,978,162
868485,1208,1208,0,0,3185,615,75
868485,3087,3087,0,0,10527,2066,273
868485,2112,2112,72,0,2639,1414,368
868485,1785,1785,0,0,4093,1194,158
868485,1065,1065,0,0,2076,714,109
868485,6448,6448,0,0,15085,3240,384
868485,1024,1024,0,0,1833,518,74
868485,1632,1632,0,0,4826,1090,153
868485,2550,2550,0,0,7249,1714,233
899756,322,308,0,48,891,691,48
899756,355,355,23,48,1214,754,9
899756,307,304,35,48,1749,672,8
899756,158,158,778,0,227,163,2
899756,737,732,411,0,3120,1682,34
899756,140,140,251,0,318,167,0
899756,345,344,150,0,1205,701,9
899756,226,225,23,48,972,465,2
899756,316,314,6,108,1443,724,9
899756,144,144,1200,0,351,163,0
899756,72,72,0,0,88,74,11
899760,329,328,88,0,992,691,5
899760,356,356,67,0,1082,756,9
899760,311,310,89,0,1084,687,7
899760,158,158,1,0,239,163,8
899760,775,772,72,0,2840,1760,10
899760,140,140,0,0,267,167,3
899760,347,347,90,0,1059,707,5
899760,227,226,449,0,803,468,4
899760,316,316,777,0,1157,724,0
899760,144,144,47,0,322,163,0
899760,72,72,84,0,111,74,1
938359,397,396,2088,0,3081,1421,7
938359,499,499,491,0,4067,1824,9
938359,313,313,635,0,2321,1151,8
938359,1076,1072,15945,0,7246,3911,21
938359,788,786,3067,0,4919,2724,21
938359,654,653,6173,0,4400,2438,31
938359,348,347,2988,0,1919,1343,14
938359,1664,1661,2385,0,14782,6521,38
938359,346,346,2299,0,2018,1163,6
938359,596,592,9008,0,4578,2016,25
938359,886,882,7775,0,4470,1801,19
938360,319,306,288,0,824,670,34
938360,335,334,148,48,862,711,11
938360,306,305,92,0,1010,674,11
938360,130,130,0,0,109,135,30
938360,711,708,2264,0,2383,1623,30
938360,134,134,0,0,104,159,38
938360,345,342,112,0,1024,701,6
938360,220,218,152,0,580,451,5
938360,314,306,109,0,967,720,34
938360,144,144,0,0,85,163,56
938360,66,66,0,0,47,68,20
950389,315,300,234,252,1342,673,37
950389,335,333,177,108,1388,711,12
950389,310,309,213,48,2517,723,6
950389,128,128,625,0,272,133,2
950389,712,709,578,204,3745,1654,27
950389,268,268,3284,0,434,160,0
950389,347,346,945,0,2460,722,1
950389,221,220,0,468,1320,459,2
950389,314,314,1014,0,1591,720,5
950389,216,216,264,0,711,163,2
950389,66,66,0,0,157,68,9
950398,396,396,355,0,2132,886,2
950398,498,496,187,0,1992,1052,9
950398,313,310,432,0,2278,702,6
950398,1075,1068,587,0,5199,2215,11
950398,725,719,329,408,6539,1728,16
950398,648,606,225,516,3652,1547,92
950398,349,348,1512,0,3469,720,2
950398,1659,1645,402,192,9512,3439,25
950398,346,346,1773,0,3089,796,3
950398,593,587,362,336,5101,1336,8
950398,882,867,272,300,4333,1795,29
950399,319,315,294,0,1012,673,13
950399,335,333,196,96,930,711,16
950399,310,302,128,312,1353,697,17
950399,130,130,0,0,58,135,50
950399,718,702,565,480,3405,1676,38
950399,201,201,0,0,171,159,36
950399,347,346,406,0,2208,726,8
950399,221,221,122,0,1226,463,3
950399,314,300,196,108,857,720,58
950399,144,144,0,0,145,163,48
950399,99,99,0,0,64,68,23
950400,317,299,216,0,874,680,41
950400,335,333,117,0,1203,712,12
950400,310,308,482,0,1902,730,8
950400,195,195,0,0,126,135,38
950400,710,694,299,504,3522,1672,31
950400,201,201,0,0,211,159,21
950400,347,346,1792,0,2446,724,3
950400,222,220,176,0,1220,461,3
950400,314,311,56,108,1739,721,23
950400,144,144,0,0,201,164,39
950400,99,99,0,0,46,68,18
958238,316,307,0,720,2489,675,17
958238,318,316,12,432,2489,673,10
958238,11,6,144,144,42,33,10
958238,195,195,0,0,735,135,2
958238,48,24,0,432,160,134,30
958238,201,201,1572,0,755,180,0
958238,9,6,0,144,62,22,5
958238,168,166,792,0,1560,349,2
958238,314,313,0,576,3082,724,1
958238,216,216,0,0,423,193,29
958238,66,66,1980,0,302,70,1
958239,1276,1276,0,432,2786,670,5
958239,1017,1017,0,720,2534,712,25
958239,1220,1220,864,0,879,670,218
958239,195,195,10,0,494,135,9
958239,2872,2872,0,2304,2540,1645,451
958239,201,201,2136,0,748,184,2
958239,1014,1014,11,720,2045,695,140
958239,876,876,828,0,1966,477,2
958239,1256,1256,0,1008,2665,725,40
958239,288,288,0,0,1092,201,7
958239,99,99,0,0,233,69,7
958240,315,315,0,0,196,648,251
958240,322,322,0,0,187,658,252
958240,16,16,0,0,5,32,14
958240,64,64,0,0,15,134,57
958240,20,20,0,0,6,42,17
958240,66,66,0,0,31,138,55
958240,8,8,0,0,4,16,6
958240,166,166,0,0,107,334,131
958240,618,618,0,0,142,620,264
958240,72,72,0,0,20,144,63
958240,33,33,0,0,27,68,27
958241,957,957,576,0,919,670,7
958241,680,680,93,0,843,713,18
958241,909,909,213,0,575,663,109
958241,130,130,44,0,177,135,0
958241,2274,2274,272,0,1594,1724,206
958241,134,134,0,0,179,159,18
958241,688,688,250,0,672,699,100
958241,663,663,142,0,611,454,10
958241,942,942,32,96,790,720,43
958241,216,216,556,0,284,163,3
958241,66,66,36,0,108,68,1
958242,957,957,464,0,850,670,8
958242,680,680,56,48,857,713,16
958242,930,930,280,0,676,677,86
958242,130,130,46,0,172,135,0
958242,2355,2355,338,0,1705,1794,201
958242,134,134,128,0,292,159,0
958242,692,692,367,0,683,704,79
958242,444,444,104,0,668,456,10
958242,942,942,89,0,888,720,31
958242,144,144,0,0,271,163,8
958242,66,66,157,0,97,68,1
985326,32,32,205,0,27,38,4
985326,580,580,105,48,704,616,28
985326,1402,1402,867,288,1483,1449,111
985326,710,710,147,108,749,756,61
985326,106,106,104,0,142,124,5
973911,372,346,1418,0,2330,2222,42
973911,478,448,3133,0,2752,2860,66
973911,296,286,390,132,2211,1770,39
973911,948,886,2509,0,5873,5680,119
973911,719,700,155,1560,5238,4316,93
973911,463,455,407,960,3818,2772,46
973911,360,356,112,444,2963,2165,26
973911,1477,1361,3713,0,9521,8846,208
973911,325,312,901,0,2554,1944,36
973911,468,457,908,900,3462,2804,72
973911,747,694,564,924,4596,4477,148
110973,401,352,864,0,681,810,161
110973,399,315,576,576,591,829,214
110973,450,407,364,720,954,922,131
110973,507,476,0,864,1088,1062,132
110973,313,290,432,432,743,638,74
110973,651,589,592,720,1465,1350,159
110973,797,632,0,3600,1589,1802,433
110973,333,304,265,720,720,722,104
110973,661,590,1145,1440,1574,1488,208
110973,369,333,1626,0,699,739,115
110973,479,295,0,2160,619,1055,328
110973,509,373,0,2160,695,1024,284
110973,449,278,50,1728,522,905,295
110973,346,312,523,720,781,741,114
110973,606,44,4337,0,138,1418,592
110973,419,385,909,864,1082,951,101
457273,401,398,202,0,983,403,3
457273,396,383,171,0,975,400,7
457273,449,439,170,0,1013,451,5
457273,503,500,302,0,1253,510,4
457273,313,309,100,12,837,316,3
457273,650,639,277,0,1524,652,2
457273,799,790,209,96,2110,813,10
457273,334,331,122,0,888,336,3
457273,660,659,52,84,1865,667,3
457273,369,367,204,0,880,369,1
457273,479,478,217,0,1166,482,3
457273,508,498,285,0,1105,510,12
457273,448,446,235,0,1055,448,1
457273,345,344,73,84,928,349,1
457273,610,605,252,0,1665,619,3
457273,419,418,163,0,1070,421,2
973866,384,364,457,0,889,780,82
973866,357,326,258,336,934,734,87
973866,449,426,388,264,1278,912,93
973866,444,425,469,0,1376,945,94
973866,255,237,140,264,639,519,67
973866,637,599,793,312,1446,1301,142
973866,782,721,1188,1080,2118,1671,174
973866,332,318,451,216,1736,708,74
973866,652,627,397,1032,3143,1355,69
973866,306,283,350,312,710,622,85
973866,477,451,669,456,1422,1001,108
973866,504,467,486,504,1163,1021,131
973866,442,414,666,0,922,889,111
973866,339,328,496,360,1263,729,54
973866,611,482,480,1584,1431,1304,214
973866,415,397,651,312,1668,864,63
999532,401,394,789,0,1093,823,35
999532,400,394,1243,0,1087,842,49
999532,450,443,780,0,1198,926,45
999532,507,500,776,0,1327,1071,51
999532,313,304,213,432,921,691,39
999532,651,645,1419,0,1743,1347,38
999532,798,773,1700,864,2516,1847,103
999532,334,326,545,0,1008,752,40
999532,661,651,2168,0,2076,1566,63
999532,369,361,1258,0,1012,769,52
999532,479,471,848,0,1308,976,50
999532,508,501,700,0,1333,1028,54
999532,449,440,709,0,1189,902,44
999532,346,339,1001,0,1022,795,41
999532,611,584,1806,0,1908,1436,110
999532,419,413,718,0,1134,863,33
225490,401,398,120,108,1338,815,10
225490,395,365,181,252,1101,823,53
225490,450,447,0,576,1567,917,11
225490,503,501,4,468,1726,1081,18
225490,313,310,261,180,1167,647,8
225490,650,643,0,324,2118,1319,22
225490,798,787,247,1824,3574,1759,56
225490,334,333,294,660,1655,832,11
225490,660,654,323,1188,3047,1484,19
225490,369,367,14,336,1195,744,14
225490,478,476,250,204,1899,1090,10
225490,509,506,0,288,1635,1021,17
225490,449,447,0,192,1354,903,9
225490,346,339,94,504,1351,736,16
225490,608,574,6,612,2054,1291,64
225490,419,417,136,444,1555,899,15
226373,397,396,141,36,1260,805,8
226373,389,347,0,180,978,816,87
226373,437,431,45,564,1429,903,26
226373,503,496,12,372,1627,1052,30
226373,308,300,298,264,1096,643,20
226373,646,625,0,564,1891,1313,58
226373,778,762,0,1596,2922,1659,64
226373,325,321,1,312,1128,674,13
226373,648,629,0,1212,2410,1372,51
226373,366,362,100,372,1110,736,17
226373,472,469,90,300,1519,959,22
226373,503,496,0,264,1573,1011,13
226373,447,445,3,216,1383,896,20
226373,345,340,156,420,1263,707,22
226373,605,598,6,684,2037,1260,28
226373,417,408,3,564,1371,861,20
313666,401,398,129,48,1270,812,8
313666,393,358,0,168,1103,816,68
313666,450,449,31,348,1513,911,5
313666,503,502,164,228,1747,1064,11
313666,313,309,269,144,1162,650,6
313666,649,646,17,204,2173,1316,10
313666,797,784,216,1404,3510,1722,35
313666,334,329,143,348,1407,747,13
313666,660,657,209,984,2845,1519,21
313666,369,368,41,180,1286,740,6
313666,478,476,157,360,1874,1047,9
313666,509,506,39,192,1686,1019,9
313666,449,448,14,108,1436,899,8
313666,346,343,89,480,1345,742,17
313666,608,599,0,576,7348,1370,32
313666,419,417,84,264,1577,872,8
313667,400,395,72,120,1261,811,15
313667,393,376,540,0,1184,824,52
313667,450,446,0,564,1521,937,13
313667,502,489,0,660,1550,1077,51
313667,312,306,171,372,1110,658,17
313667,649,647,0,372,2105,1323,17
313667,798,788,637,1668,3605,1819,34
313667,334,330,212,336,1419,724,12
313667,659,654,75,984,2666,1476,31
313667,370,366,0,312,1225,746,12
313667,478,476,0,408,1674,990,12
313667,509,508,34,120,1760,1020,8
313667,449,449,22,108,1404,898,9
313667,346,343,0,852,1481,758,19
313667,606,596,141,252,2142,1340,34
313667,418,417,63,324,1522,870,7
246784,401,400,142,0,1235,801,6
246784,392,388,64,0,1060,781,33
246784,448,443,0,96,1454,895,7
246784,501,490,10,120,1476,995,16
246784,313,312,144,12,919,623,5
246784,649,645,81,48,1985,1295,15
246784,783,780,15,60,2484,1538,8
246784,332,320,24,60,1014,659,17
246784,656,605,324,408,1858,1314,166
246784,369,367,3,24,1252,738,3
246784,475,474,73,48,1469,952,7
246784,509,506,105,0,1535,1018,19
246784,449,448,84,0,1397,898,3
246784,345,339,130,36,940,687,23
246784,608,587,84,180,1574,1217,75
246784,418,404,10,48,1319,831,21
265245,401,390,707,0,1283,1221,109
265245,396,374,1079,0,1158,1210,147
265245,450,418,1093,0,1489,1397,132
265245,500,473,1078,0,1515,1556,150
265245,313,307,884,72,1086,944,53
265245,650,621,1324,0,2147,2021,182
265245,772,751,2650,0,2742,2387,186
265245,333,299,972,108,1242,1127,104
265245,658,531,3173,600,1776,2249,394
265245,369,360,1167,0,1148,1114,75
265245,475,457,1641,0,1650,1516,134
265245,509,492,1037,0,1509,1535,146
265245,449,430,1089,0,1391,1371,147
265245,343,339,1198,0,1248,1048,51
265245,608,580,1400,924,2456,2091,225
265245,418,389,1214,0,1408,1330,149
697513,400,396,48,72,1067,805,23
697513,396,376,318,0,1089,795,25
697513,450,439,221,0,1308,900,17
697513,502,492,295,0,1501,1032,13
697513,313,311,204,12,926,626,6
697513,651,646,742,0,1867,1304,13
697513,758,731,0,756,1908,1538,120
697513,333,329,501,0,1059,682,11
697513,656,562,931,84,1572,1448,226
697513,369,368,287,0,1088,738,8
697513,477,473,233,0,1396,958,5
697513,509,509,371,0,1447,1019,11
697513,449,446,273,0,1295,900,3
697513,345,329,425,0,871,702,79
697513,609,581,441,0,1768,1388,74
697513,418,398,352,0,1205,842,27
954798,363,351,164,0,1017,734,26
954798,362,346,42,120,945,746,57
954798,406,379,0,240,1162,814,44
954798,481,446,12,300,1248,1003,77
954798,298,294,83,0,879,602,13
954798,619,580,109,108,1549,1249,109
954798,783,754,112,360,2271,1582,57
954798,318,294,84,168,870,658,45
954798,621,477,406,900,1062,1291,322
954798,345,339,0,84,1038,690,14
954798,450,436,76,84,1185,916,59
954798,456,446,64,24,1250,912,44
954798,407,389,204,24,1058,814,49
954798,342,329,123,96,881,692,45
954798,562,474,132,552,1316,1170,155
954798,374,340,4,264,890,774,90
6205,401,397,5745,0,3170,1181,12
6205,399,397,1423,960,2972,1176,11
6205,787,780,3542,1920,6723,2490,28
6205,333,330,2294,960,2839,971,7
6205,509,505,2681,0,3957,1493,10
6205,450,448,2596,0,3408,1297,9
6205,611,608,9500,0,5546,1696,11
277790,398,394,1449,300,2243,859,7
277790,392,390,2077,0,3178,879,11
277790,794,784,1140,2100,4726,1911,32
277790,325,322,1773,900,2574,913,13
277790,508,502,1306,900,2751,1104,14
277790,447,442,1079,900,2457,997,10
277790,588,586,10906,0,6004,1763,6
699162,400,396,421,576,1676,848,19
699162,399,394,889,768,1813,905,21
699162,450,446,286,1344,1897,960,13
699162,507,500,1296,768,2260,1217,27
699162,313,311,866,96,1522,652,10
699162,649,645,827,1152,2627,1380,20
699162,795,790,1287,1824,4068,1895,32
699162,331,328,2324,0,1819,836,11
699162,657,650,1546,1728,4111,1606,21
699162,368,366,591,480,1638,772,6
699162,475,469,912,768,2473,1079,20
699162,509,504,561,768,2236,1064,16
699162,450,446,1057,384,2005,954,25
699162,341,339,2037,0,1899,738,6
699162,606,598,4160,0,3417,1402,28
699162,419,414,1831,384,2417,993,16
891465,401,399,5946,0,3482,1727,33
891465,399,397,5509,2160,3692,1763,31
891465,798,793,8682,5040,10037,3924,39
891465,334,333,5936,2592,4977,2019,12
891465,509,506,6936,0,5268,2491,31
891465,450,448,4961,1584,4666,2124,29
891465,613,613,34699,0,11803,3773,16
896071,401,398,568,48,1473,815,13
896071,399,398,779,144,1431,820,14
896071,446,442,340,624,1771,898,12
896071,506,503,1021,480,1998,1055,25
896071,312,312,475,96,1267,635,4
896071,649,645,1502,336,2603,1343,21
896071,776,771,99,1056,3291,1597,29
896071,334,332,678,336,1487,706,9
896071,658,656,913,1440,3386,1435,20
896071,367,363,352,144,1443,734,7
896071,473,472,1029,336,2102,985,10
896071,506,503,708,384,1996,1025,13
896071,449,447,761,288,1777,920,18
896071,346,345,287,432,1487,727,4
896071,606,603,1087,576,3149,1246,11
896071,418,416,921,528,2094,879,16
896831,401,399,1475,0,1772,862,12
896831,399,397,637,384,1658,834,15
896831,450,447,241,768,1746,916,13
896831,507,506,851,480,2407,1093,17
896831,313,312,1452,0,1550,676,6
896831,651,645,632,576,2793,1330,22
896831,759,756,3329,0,3815,1648,14
896831,334,330,455,768,1813,802,18
896831,661,652,0,3648,3405,1573,43
896831,370,368,877,480,1635,768,5
896831,479,478,840,672,2268,1055,13
896831,509,506,1485,480,2362,1107,14
896831,450,448,731,384,1928,952,14
896831,347,346,2168,0,1823,737,0
896831,611,609,5141,0,3352,1447,13
896831,419,416,480,1536,2228,964,21
970479,401,399,729,0,1223,813,16
970479,397,392,685,300,1245,818,21
970479,450,449,484,300,1405,903,6
970479,506,503,747,444,1619,1049,20
970479,313,312,993,0,1136,637,7
970479,651,646,1172,0,2023,1314,13
970479,797,793,779,2100,3012,1621,16
970479,332,328,460,804,1183,700,16
970479,659,649,202,1428,2173,1335,26
970479,369,367,615,336,1163,742,5
970479,479,478,1067,0,1550,971,8
970479,508,505,560,108,1495,1016,12
970479,448,445,324,336,1345,898,7
970479,344,344,1272,60,1292,702,4
970479,609,607,1993,48,2224,1223,8
970479,418,417,464,720,1342,860,14
955517,338,306,298,360,647,699,90
955517,376,330,488,0,684,776,119
955517,358,335,251,408,748,723,86
955517,474,432,449,480,906,1006,160
955517,289,269,144,648,606,609,78
955517,547,502,457,624,1100,1112,140
955517,736,662,201,888,1565,1488,183
955517,280,250,55,552,582,587,90
955517,517,468,0,1656,1109,1071,153
955517,345,293,183,648,527,701,154
955517,392,358,292,672,737,807,117
955517,428,387,230,576,701,868,161
955517,351,316,246,312,586,709,120
955517,324,306,248,240,728,655,63
955517,496,443,0,1560,1091,1004,145
955517,331,308,417,384,741,701,84
919082,401,398,410,0,867,812,23
919082,397,393,39,216,897,816,26
919082,449,446,94,300,1036,921,18
919082,505,502,422,0,1153,1032,26
919082,313,313,219,0,745,678,26
919082,651,648,101,264,1462,1336,24
919082,787,782,175,324,1969,1784,76
919082,334,333,444,0,785,734,39
919082,661,655,337,360,1698,1557,44
919082,370,368,192,0,809,761,25
919082,479,477,135,300,1067,967,29
919082,509,504,47,216,1115,1026,34
919082,449,447,237,0,976,900,22
919082,346,345,59,168,874,788,17
919082,609,607,329,0,1529,1382,29
919082,418,417,154,192,954,841,16
926425,397,392,0,60,1024,804,24
926425,380,375,0,72,978,780,24
926425,443,443,0,60,1129,888,8
926425,490,478,2,96,1283,1020,47
926425,305,302,0,72,905,616,14
926425,629,624,0,84,1733,1272,16
926425,749,744,0,240,1992,1508,46
926425,328,323,0,108,947,676,19
926425,634,624,0,276,1807,1280,47
926425,360,356,0,60,973,720,17
926425,475,471,4,84,1239,958,16
926425,505,504,3,36,1327,1010,4
926425,447,446,0,36,1184,896,5
926425,333,329,0,144,916,674,20
926425,594,583,0,216,1695,1190,31
926425,411,401,1,120,1178,848,35
926426,397,393,165,0,851,804,35
926426,380,365,50,192,793,780,75
926426,443,440,0,108,1019,888,36
926426,490,475,69,48,1147,1020,72
926426,305,298,95,60,741,617,25
926426,629,618,0,72,1437,1272,56
926426,749,731,0,396,1947,1510,59
926426,329,324,48,108,797,676,27
926426,635,620,0,408,1525,1280,63
926426,360,356,38,84,836,720,34
926426,475,463,1,120,1099,958,44
926426,505,500,21,48,1154,1010,42
926426,447,443,180,0,1050,896,38
926426,334,323,43,300,785,674,46
926426,594,571,204,240,1285,1190,102
926426,412,407,52,108,1011,848,56
943901,400,398,47,0,1488,805,14
943901,393,384,35,72,1730,798,20
943901,446,439,1,48,2031,893,15
943901,500,494,23,36,2546,1025,16
943901,313,311,41,12,1559,629,6
943901,649,645,21,24,3100,1307,18
943901,756,749,12,120,3525,1521,23
943901,332,329,19,36,1704,675,6
943901,658,651,0,216,3781,1324,23
943901,369,368,35,24,1627,738,14
943901,476,473,16,60,2292,958,9
943901,507,504,4,36,2042,1014,10
943901,450,448,28,0,1920,904,13
943901,343,340,81,60,1944,689,8
943901,603,599,195,0,4116,1207,8
943901,415,414,37,12,2452,844,10
